name|team|pos|pa|hr|r|rbi|sb|so|avg|obp|slg|war
Aaron Judge|NYY|OF|644|43|111|111|9|158|285|418|588|73
Bobby Witt Jr.|KCR|SS|679|29|104|95|33|117|288|344|512|67
Cal Raleigh|SEA|C|637|41|88|103|8|171|230|330|494|64
Shohei Ohtani|LAD|DH|679|48|129|119|26|164|282|385|599|61
Juan Soto|NYM|OF|686|38|114|102|23|120|272|411|528|61
Gunnar Henderson|BAL|SS|672|29|102|89|23|141|273|354|490|60
Julio Rodríguez|SEA|OF|686|32|96|101|26|151|270|330|477|59
Fernando Tatis Jr.|SDP|SS/OF|672|30|102|90|25|131|270|358|482|54
Ronald Acuña Jr.|ATL|OF|651|31|115|84|26|133|286|393|512|54
Francisco Lindor|NYM|SS|630|26|94|78|22|115|261|337|452|50
Mookie Betts|LAD|OF|651|24|95|90|9|77|274|358|468|49
Kyle Tucker|LAD|OF|651|33|101|99|22|95|268|370|505|49
José Ramírez|CLE|3B|679|29|95|96|32|80|273|347|484|49
Alejandro Kirk|TOR|C|495|15|52|63|1|60|272|350|422|49
Vladimir Guerrero Jr.|TOR|1B|679|34|98|105|5|92|294|379|521|48
Corbin Carroll|ARI|OF|630|27|100|88|33|132|259|347|494|48
Elly De La Cruz|CIN|SS|672|25|97|89|41|173|262|338|459|47
Geraldo Perdomo|ARI|SS|686|15|96|72|23|88|266|363|408|47
Pete Crow-Armstrong|CHC|OF|644|26|88|92|34|155|254|303|456|47
Junior Caminero|TBR|3B|665|39|89|116|6|127|270|323|513|46
Ketel Marte|ARI|2B|637|27|94|86|6|104|274|359|487|46
Patrick Bailey|SFG|C|525|11|53|53|3|137|228|291|349|46
William Contreras|MIL|C|610|20|80|77|6|116|270|358|440|45
Wyatt Langford|TEX|OF|644|25|90|80|22|145|257|349|453|45
Trea Turner|PHI|SS|644|19|92|73|28|118|283|334|442|44
Yordan Alvarez|HOU|DH/OF|560|30|83|85|3|97|294|391|545|44
Corey Seager|TEX|SS|567|26|77|78|3|103|268|354|479|44
Bo Bichette|NYM|SS|658|19|81|86|6|107|291|338|447|44
Matt Chapman|SFG|3B|672|27|89|84|9|165|242|336|439|43
Jackson Merrill|SDP|OF|630|24|82|84|7|121|270|321|462|43
Zach Neto|LAA|SS|665|28|94|85|28|159|255|325|459|43
Adley Rutschman|BAL|C/DH|566|19|68|68|1|89|255|340|426|40
Willy Adames|SFG|SS|679|27|85|87|12|166|236|321|422|40
Nico Hoerner|CHC|2B/SS|665|9|79|65|27|62|281|336|387|40
Gabriel Moreno|ARI|C|456|11|54|56|4|77|279|351|421|39
Bryce Harper|PHI|OF|665|29|90|95|11|143|274|365|492|39
Dansby Swanson|CHC|SS|686|22|82|80|16|174|241|309|398|38
Alex Bregman|CHC|3B|672|23|87|82|3|96|250|341|421|37
Maikel Garcia|KCR|3B|665|13|87|69|27|100|269|332|404|37
Austin Riley|ATL|3B|672|30|88|93|3|174|261|324|470|36
Masyn Winn|STL|SS|644|15|81|67|13|114|255|313|389|36
Michael Harris II|ATL|OF|581|22|71|78|18|112|275|309|460|36
Jeremy Peña|HOU|SS|609|17|76|69|16|109|271|325|421|36
Freddie Freeman|LAD|1B|651|24|89|91|8|121|284|367|482|36
Nick Kurtz|ATH|1B|616|36|97|99|3|173|261|352|521|36
Byron Buxton|MIN|OF|560|29|85|76|17|153|249|317|489|36
Pete Alonso|BAL|1B|679|38|89|111|2|152|264|343|515|36
Riley Greene|DET|OF|651|29|85|97|3|176|264|333|477|35
Jacob Wilson|ATH|SS|616|14|75|78|6|48|295|342|432|35
Roman Anthony|BOS|OF|630|19|92|70|9|156|266|367|441|35
Kevin McGonigle|DET|SS|539|16|75|64|10|74|256|337|429|35
Manny Machado|SDP|3B|644|26|80|90|9|127|263|325|448|34
Steven Kwan|CLE|OF|665|11|86|60|19|61|279|349|390|34
Matt Olson|ATL|1B|686|32|91|97|1|165|253|346|473|34
Carlos Correa|HOU|SS|567|18|66|67|0|115|262|331|420|33
Will Smith|LAD|C|500|19|67|67|2|97|255|352|444|33
Cody Bellinger|NYY|1B/OF|616|24|82|89|11|90|264|326|448|33
Xander Bogaerts|SDP|SS|609|13|72|60|17|107|264|330|391|33
Drake Baldwin|ATL|C|571|23|71|78|1|103|267|341|458|32
Austin Wells|NYY|C|461|19|53|62|5|112|227|299|417|32
Rafael Devers|SFG|3B|686|31|94|93|2|166|253|351|469|32
Ceddanne Rafaela|BOS|OF|609|18|78|76|21|127|261|303|428|32
James Wood|WSN|OF|644|27|89|86|16|187|261|353|472|32
Marcus Semien|NYM|2B/SS|644|20|82|75|9|106|242|314|394|32
Brent Rooker|ATH|DH/OF|665|34|89|107|6|167|266|342|503|31
Andy Pages|LAD|OF|602|26|75|85|10|130|257|311|455|31
Jazz Chisholm Jr.|NYY|2B/OF|602|28|78|86|31|156|238|318|440|31
Gleyber Torres|DET|2B|658|18|83|72|6|113|260|347|407|31
Brice Turang|MIL|2B|651|14|83|68|28|134|259|328|387|30
Dillon Dingler|DET|C|429|13|47|55|1|107|245|306|404|30
Luke Keaschall|MIN|2B|560|11|70|64|24|94|265|352|396|30
Ezequiel Tovar|COL|SS|651|21|81|76|9|156|266|306|443|30
Kyle Schwarber|PHI|DH/OF|686|44|103|105|7|195|227|348|496|30
Brendan Donovan|SEA|2B/OF|560|12|68|55|5|77|273|348|404|30
Michael Busch|CHC|1B|602|28|84|82|4|147|253|339|476|29
CJ Abrams|WSN|SS|630|20|87|68|31|119|254|314|426|29
Jackson Chourio|MIL|OF|651|25|92|88|24|131|272|318|469|29
Iván Herrera|STL|C/DH|601|19|75|77|10|118|274|362|437|29
Bryson Stott|PHI|2B|623|14|73|67|25|103|258|327|390|29
Josh Naylor|SEA|1B|623|23|74|92|18|92|269|332|450|29
Xavier Edwards|MIA|2B/SS|602|5|72|50|27|83|281|345|365|28
Andrés Giménez|TOR|2B|595|14|68|66|20|103|251|313|380|28
Francisco Alvarez|NYM|C|446|22|54|63|1|114|238|318|448|28
Oneil Cruz|PIT|SS/OF|539|22|73|65|29|163|237|323|440|28
Ian Happ|CHC|OF|658|23|84|79|8|156|243|342|424|28
Trent Grisham|NYY|OF|546|24|73|65|6|136|217|327|414|28
Shea Langeliers|ATH|C|524|28|70|83|5|117|253|313|487|28
Seiya Suzuki|CHC|DH/OF|616|26|77|86|7|155|256|339|464|27
Yandy Díaz|TBR|1B/3B|651|20|83|79|3|97|292|365|452|27
Kazuma Okamoto|TOR|3B|560|25|66|83|2|100|250|329|453|27
JJ Wetherholt|STL|SS|560|12|72|58|13|94|254|340|379|27
Daulton Varsho|TOR|OF|595|29|80|84|9|152|226|292|444|27
Taylor Ward|BAL|OF|658|28|84|89|5|160|243|328|445|27
Jordan Westburg|BAL|2B/3B|441|19|61|61|4|98|262|317|468|27
Otto Lopez|MIA|2B/SS|609|12|67|65|16|91|266|321|390|26
Ernie Clement|TOR|3B|644|13|77|71|9|63|271|306|398|26
Ben Rice|NYY|1B/DH|546|27|75|79|4|115|244|331|468|26
Jeff McNeil|ATH|2B/OF|581|13|66|64|4|71|271|342|418|26
Caleb Durbin|BOS|3B|560|11|68|62|22|62|258|334|395|25
J.P. Crawford|SEA|SS|637|12|70|59|5|122|239|334|356|25
Konnor Griffin|PIT|SS|490|12|70|58|24|121|260|324|397|25
Colson Montgomery|CHW|SS|602|27|71|87|3|179|218|295|414|25
Alec Bohm|PHI|3B|609|16|70|78|3|94|278|331|428|25
Royce Lewis|MIN|3B|567|22|65|75|12|119|252|309|432|25
Yainer Diaz|HOU|C/DH|509|19|58|68|1|88|272|306|445|25
Jose Altuve|HOU|2B|623|21|83|70|13|108|266|334|428|25
Lawrence Butler|ATH|OF|588|22|77|75|19|150|246|314|430|25
Brandon Nimmo|TEX|OF|630|20|80|69|9|138|250|332|411|24
Jonathan Aranda|TBR|1B|609|21|77|80|2|155|266|350|435|24
Matt McLain|CIN|2B|623|19|78|68|18|172|235|318|391|24
Max Muncy|LAD|1B/3B|455|21|60|62|3|114|220|347|438|24
George Springer|TOR|OF|595|25|86|75|13|116|258|342|449|24
Wilyer Abreu|BOS|OF|518|21|67|71|8|127|247|332|445|24
Isaac Paredes|HOU|3B|504|21|61|68|1|85|243|346|438|24
Jarren Duran|BOS|OF|602|16|79|69|21|140|258|326|441|24
Bo Naylor|CLE|C|454|17|54|54|4|109|218|305|402|24
Joey Ortiz|MIL|3B/SS|630|12|73|66|15|107|248|309|381|24
Kyle Stowers|MIA|OF|609|27|73|84|4|172|243|324|454|24
Trevor Story|BOS|SS|665|22|82|85|24|179|251|299|416|23
Hunter Goodman|COL|C|583|29|74|89|2|149|259|309|490|23
Ryan Jeffers|MIN|C|523|16|60|59|3|107|245|331|409|23
Mike Trout|LAA|OF|560|26|75|71|3|171|233|347|442|23
Luis Robert Jr.|NYM|OF|567|21|69|76|29|158|235|298|405|23
Jorge Polanco|NYM|2B/SS|539|23|65|76|5|109|251|327|442|22
Munetaka Murakami|CHW|1B|588|30|76|83|9|185|232|342|449|22
Colton Cowser|BAL|OF|511|20|63|65|14|159|233|317|419|22
Willson Contreras|BOS|C|609|23|75|82|5|152|251|344|445|22
Jakob Marsee|MIA|OF|574|13|73|57|34|123|231|330|376|22
Jake Cronenworth|SDP|1B/2B|630|15|71|65|4|126|234|332|374|22
Jung Hoo Lee|SFG|OF|609|10|68|64|9|65|271|333|404|22
Dylan Crews|WSN|OF|595|18|73|69|26|131|244|309|401|22
Jake Meyers|HOU|OF|476|10|55|47|13|100|251|319|378|22
Brenton Doyle|COL|OF|595|19|69|70|21|158|248|297|411|22
Ozzie Albies|ATL|2B|630|19|75|74|11|93|254|315|412|22
Chase Meidroth|CHW|2B/SS|553|8|68|45|13|83|252|348|348|22
Nolan Arenado|ARI|3B|609|18|65|77|4|86|254|309|404|21
Alec Burleson|STL|DH/OF|609|22|70|80|6|85|276|329|446|21
Randy Arozarena|SEA|OF|679|23|84|79|25|179|233|329|404|21
Tommy Edman|LAD|2B|497|15|62|59|10|88|250|305|407|21
Luis Arraez|SFG|1B/2B|623|6|73|58|9|26|308|346|401|21
J.T. Realmuto|PHI|C|500|15|56|58|7|121|251|311|411|21
Matt Wallner|MIN|OF|476|22|59|63|5|146|234|334|456|21
Lars Nootbaar|STL|OF|504|15|63|52|6|101|247|343|409|21
Freddy Fermin|SDP|C|480|11|48|49|3|95|242|297|361|21
Sal Frelick|MIL|OF|511|8|60|53|15|71|271|335|387|21
Colt Keith|DET|2B|497|15|63|63|3|104|264|334|432|21
Miguel Vargas|CHW|3B|602|18|76|67|8|113|237|327|403|21
Teoscar Hernández|LAD|OF|595|29|75|92|6|157|261|314|473|21
Tyler Soderstrom|ATH|1B/OF|588|26|71|87|5|133|256|325|458|21
Harrison Bader|SFG|OF|532|15|62|59|15|126|251|309|395|20
Kyle Teel|CHW|C|458|12|56|48|6|115|248|335|381|20
TJ Friedl|CIN|OF|623|15|76|61|13|105|245|337|380|20
Anthony Volpe|NYY|SS|469|14|54|53|17|112|228|293|391|19
Spencer Torkelson|DET|1B|637|28|80|88|2|165|235|324|445|19
Evan Carter|TEX|OF|476|12|58|51|19|106|240|331|389|19
Jackson Holliday|BAL|2B|448|13|59|47|12|97|249|331|403|19
Carlos Narváez|BOS|C|423|11|46|46|3|110|228|311|375|19
Addison Barger|TOR|3B/OF|518|20|64|72|4|122|246|316|440|19
Spencer Horwitz|PIT|1B|497|11|59|54|2|90|269|359|418|19
Vinnie Pasquantino|KCR|1B/DH|637|28|74|94|1|94|260|328|466|18
Carson Kelly|CHC|C|373|12|42|43|2|76|233|313|387|18
Ramón Laureano|SDP|OF|560|21|69|71|9|152|242|311|427|18
Heliot Ramos|SFG|OF|637|22|77|78|7|150|257|325|425|18
Brandon Lowe|PIT|2B|546|23|69|68|4|140|243|310|434|18
Christian Yelich|MIL|OF|630|20|81|80|17|153|256|343|414|18
Carter Jensen|KCR|C/DH|401|12|46|47|4|104|245|322|411|18
Chase DeLauter|CLE|OF|462|13|54|52|3|84|248|320|403|18
Josh Jung|TEX|3B|567|18|62|68|4|143|248|294|404|17
Sean Murphy|ATL|C|390|17|44|48|0|105|222|313|416|17
Justin Crawford|PHI|OF|476|7|63|48|25|99|276|331|383|17
Ha-Seong Kim|ATL|SS|413|9|47|42|15|74|244|330|368|17
Nolan Schanuel|LAA|1B|616|15|74|65|6|85|265|357|402|17
Kerry Carpenter|DET|DH/OF|490|24|63|78|2|116|258|314|481|17
Victor Scott II|STL|OF|581|9|65|50|38|125|226|299|325|17
Nick Gonzales|PIT|2B|420|8|46|45|2|86|264|318|405|17
Gavin Lux|TBR|2B|455|7|53|41|3|99|257|337|373|17
Ryan McMahon|NYY|3B|490|17|53|55|3|156|211|304|371|17
Pedro Pagés|STL|C|358|10|34|39|1|92|228|284|366|16
Jared Triolo|PIT|3B|532|9|59|49|14|121|245|329|363|16
Christian Walker|HOU|1B|595|27|70|80|3|155|231|306|430|16
Brayan Rocchio|CLE|SS|504|10|57|51|12|93|239|310|366|16
Eugenio Suárez|CIN|3B|616|35|79|97|3|185|235|312|474|16
Brandon Marsh|PHI|OF|497|14|59|59|10|141|256|331|415|16
Mike Yastrzemski|ATL|OF|476|17|59|53|5|112|229|323|416|16
Luis García Jr.|WSN|2B|497|15|59|64|13|77|272|312|430|16
Jordan Lawlar|ARI|3B/SS|476|10|57|51|17|124|237|312|383|16
Ryan O'Hearn|PIT|1B/DH|546|15|64|63|3|103|267|341|420|15
Adolis García|PHI|OF|609|28|75|88|13|160|241|298|442|15
Sal Stewart|CIN|1B/3B|504|18|65|69|8|96|264|328|440|15
Connor Norby|MIA|3B|504|15|62|59|9|135|245|304|403|15
Brooks Lee|MIN|3B/SS|595|16|63|68|4|101|248|299|389|15
Garrett Mitchell|MIL|OF|399|9|48|44|14|119|238|317|385|15
Brett Baty|NYM|3B|434|17|52|55|5|106|249|317|424|15
Dylan Beavers|BAL|OF|399|12|50|47|11|92|246|338|407|15
Ke'Bryan Hayes|CIN|3B|532|10|55|53|11|107|244|300|355|15
Kyle Manzardo|CLE|1B/DH|497|22|58|68|2|117|239|322|449|15
Samuel Basallo|BAL|C|438|21|53|62|2|108|239|306|447|15
Cole Young|SEA|2B|392|7|44|40|5|67|236|321|358|14
Daylen Lile|WSN|OF|574|11|68|66|14|103|267|322|418|14
Jac Caglianone|KCR|OF|462|20|56|63|3|99|255|320|450|14
Salvador Perez|KCR|C|618|27|65|89|0|129|251|299|442|14
Josh Smith|TEX|3B/SS|497|10|59|45|9|93|244|332|370|14
Yoán Moncada|LAA|3B|455|15|51|54|1|124|239|318|408|14
Agustín Ramírez|MIA|C/DH|507|19|63|66|12|99|244|307|426|14
Davis Schneider|TOR|2B/OF|322|12|40|39|4|92|220|328|407|14
Marcell Ozuna|PIT|DH/OF|525|23|63|70|0|128|246|343|441|14
Jose Trevino|CIN|C|282|7|29|29|1|42|240|286|367|14
Jesús Sánchez|TOR|OF|420|15|51|52|9|102|246|313|424|13
Bryan Reynolds|PIT|OF|644|19|73|76|5|158|253|325|414|13
Jo Adell|LAA|OF|609|33|73|93|9|164|235|299|462|13
Nolan Gorman|STL|2B|532|24|63|69|4|171|220|300|416|13
Tyler O'Neill|BAL|OF|413|20|53|56|5|117|235|320|443|13
Josh Lowe|LAA|OF|497|15|59|57|21|133|251|313|416|13
Parker Meadows|DET|OF|371|9|45|40|10|92|231|306|385|13
Cedric Mullins|TBR|OF|476|14|56|54|20|108|225|300|380|13
Denzel Clarke|ATH|OF|420|9|50|44|14|139|229|301|369|13
Kyle Isbel|KCR|OF|490|9|58|48|9|96|243|297|371|13
Danny Jansen|TEX|C|352|14|41|42|1|83|213|309|396|13
Jonathan India|KCR|2B|497|11|59|46|5|95|243|338|378|13
Jake Burger|TEX|1B/3B|595|27|70|85|2|147|242|293|444|13
Carson Williams|TBR|SS|420|15|50|50|12|146|209|282|379|13
Nathan Lukes|TOR|OF|294|6|35|34|3|46|270|334|405|12
Joc Pederson|TEX|OF|420|18|52|53|3|97|236|338|435|12
Isaac Collins|KCR|OF|448|9|54|48|15|97|237|337|376|12
Victor Caratini|MIN|C|400|10|40|44|1|70|253|324|381|12
Luis Torrens|NYM|C|218|5|21|24|1|49|244|298|382|12
Gabriel Arias|CLE|SS|483|14|49|52|9|149|230|284|378|12
Brooks Baldwin|CHW|OF|399|13|45|49|8|90|251|305|413|12
Cam Smith|HOU|OF|504|12|58|55|8|130|243|316|383|12
Kyle Higashioka|TEX|C|276|10|28|34|2|68|227|275|398|12
Josh Bell|MIN|1B|574|20|65|68|1|107|252|336|420|12
Willi Castro|COL|OF|539|13|67|54|14|121|257|332|408|12
Jake Mangum|PIT|OF|371|3|37|36|14|62|282|321|379|12
Wenceel Pérez|DET|OF|525|14|62|60|11|113|240|305|397|12
Tyler Stephenson|CIN|C|450|14|50|53|1|126|234|316|395|11
Jake Rogers|DET|C|192|6|22|23|1|56|213|283|377|11
Zach McKinstry|DET|3B/OF|385|8|45|37|13|83|239|312|382|11
Mark Vientos|NYM|3B/DH|441|20|52|63|1|115|250|311|450|11
Nick Fortes|TBR|C|314|8|33|32|2|55|228|287|353|11
Ramón Urías|STL|3B|322|9|34|35|2|74|248|309|393|11
Christian Moore|LAA|2B|441|11|49|47|8|135|229|302|371|11
Joey Bart|PIT|C|301|7|32|31|1|84|238|327|368|10
Marcelo Mayer|BOS|3B|420|11|51|49|4|97|245|302|401|10
Max Muncy|ATH|2B/3B|336|9|36|42|3|93|243|301|394|10
Owen Caissie|MIA|OF|420|13|49|49|4|130|241|320|407|10
Jacob Young|WSN|OF|315|3|36|27|16|57|251|313|332|10
Edouard Julien|COL|2B|413|10|47|41|5|117|249|354|395|10
Lourdes Gurriel Jr.|ARI|OF|462|15|51|60|7|73|266|314|428|10
Blaze Alexander|BAL|3B|280|6|29|30|5|84|232|314|366|10
Miguel Amaya|CHC|C|298|8|32|36|1|63|240|308|389|10
Colt Emerson|SEA|SS|329|6|35|33|5|72|228|307|344|10
Brady House|WSN|3B|546|15|57|62|6|148|245|283|382|10
Logan O'Hoppe|LAA|C|452|19|48|55|2|126|232|293|409|9
Trevor Larnach|MIN|DH/OF|427|13|50|50|3|100|249|327|410|9
Austin Martin|MIN|OF|350|3|40|30|12|58|254|347|345|9
José Caballero|NYY|2B/SS|308|6|37|29|31|78|220|313|334|9
Henry Davis|PIT|C/OF|282|8|31|30|4|73|224|302|373|9
Luis Rengifo|MIL|2B/3B|434|9|45|45|10|79|251|305|375|9
Jake McCarthy|COL|OF|350|6|45|34|14|58|275|336|406|9
Mickey Moniak|COL|OF|483|21|62|69|9|119|266|308|481|9
Austin Hays|CHW|OF|483|16|58|56|6|121|246|302|418|9
Victor Robles|SEA|OF|294|5|34|28|16|64|246|314|366|9
Joe Mack|MIA|C|257|8|28|29|2|72|219|285|368|9
Luisangel Acuña|CHW|2B|392|5|46|33|21|72|251|299|340|8
Dalton Rushing|LAD|C|168|6|21|22|1|47|229|323|411|8
Sung-Mun Song|SDP|2B/3B|301|6|33|30|6|51|243|304|363|8
Edmundo Sosa|PHI|3B/SS|238|7|27|29|3|54|253|297|415|8
Dominic Canzone|SEA|OF|420|16|49|53|4|96|245|304|423|8
Hunter Feduccia|TBR|C|262|5|28|24|1|69|222|313|348|8
Romy Gonzalez|BOS|1B/2B|224|6|27|29|6|55|269|312|433|8
Coby Mayo|BAL|1B|189|8|23|24|2|52|233|309|431|8
Nasim Nuñez|WSN|SS|385|4|44|32|29|90|227|307|303|8
Tyler Heineman|TOR|C|154|3|16|14|2|31|224|309|328|8
Giancarlo Stanton|NYY|DH/OF|413|24|48|65|0|127|225|303|459|8
Matt Shaw|CHC|3B|252|8|32|30|9|49|244|321|408|8
Harry Ford|WSN|C|245|5|28|25|4|55|232|331|355|8
Luis Campusano|SDP|C|203|6|24|24|1|40|247|324|400|8
Colby Thomas|ATH|OF|259|9|31|36|4|78|242|298|428|8
Travis Bazzana|CLE|2B|238|5|30|24|4|69|217|315|348|8
Jorge Soler|LAA|DH/OF|511|22|61|64|1|140|226|313|423|7
CJ Kayfus|CLE|1B/OF|266|7|31|32|3|73|243|321|411|7
Zach Cole|HOU|OF|378|13|44|47|10|149|216|294|395|7
Paul Goldschmidt|NYY|1B|385|12|47|45|4|87|256|325|412|7
Chandler Simpson|TBR|OF|455|1|55|37|41|48|287|328|345|7
Ryan Ritter|COL|2B/SS|245|6|30|28|4|64|253|323|405|7
Alek Thomas|ARI|OF|399|9|46|42|7|91|243|290|382|7
Austin Hedges|CLE|C|141|3|12|12|1|38|191|264|299|7
Andrew Vaughn|MIL|1B/OF|560|20|57|74|1|111|246|307|417|7
Luke Raley|SEA|1B/OF|350|12|40|41|5|106|222|309|388|7
David Hamilton|MIL|2B/SS|189|5|24|19|16|46|223|294|359|7
Rhys Hoskins|CLE|1B|420|17|46|53|2|115|223|316|409|7
Spencer Steer|CIN|1B/OF|385|13|44|47|7|82|237|319|407|7
Pavin Smith|ARI|1B/OF|455|13|52|52|3|116|237|333|391|6
Gavin Sheets|SDP|DH/OF|490|16|49|59|2|101|240|307|403|6
J.C. Escarra|NYY|C|130|3|14|14|1|24|235|313|369|6
Carson Benge|NYM|OF|364|9|46|41|8|79|241|320|385|6
JJ Bleday|CIN|OF|343|14|43|44|2|78|230|317|424|6
Darell Hernaiz|ATH|3B/SS|196|3|21|20|3|28|262|324|369|6
Casey Schmitt|SFG|2B/3B|203|6|22|24|1|46|248|305|403|6
Jordan Beck|COL|OF|581|17|66|65|17|161|252|315|415|6
George Valera|CLE|DH/OF|364|13|44|41|2|103|231|312|399|6
Tyler Freeman|COL|OF|329|5|41|31|12|41|274|354|386|6
Edgar Quero|CHW|C/DH|466|10|45|48|1|85|252|326|366|6
Drew Millas|WSN|C|141|2|15|14|3|24|247|310|366|6
Alex Call|LAD|OF|140|4|17|16|2|26|240|344|390|6
Kyle Karros|COL|3B|217|3|25|22|2|50|261|333|381|6
Miguel Rojas|LAD|SS|161|3|18|16|2|22|256|311|374|6
Liam Hicks|MIA|C/1B|297|4|29|28|2|47|244|343|344|6
Kody Clemens|MIN|1B|231|9|28|30|2|56|231|292|424|6
Mauricio Dubón|ATL|2B/OF|427|7|48|41|4|52|258|298|366|6
Travis d'Arnaud|LAA|C|231|7|23|25|0|65|216|276|376|6
Joey Loperfido|HOU|OF|413|12|47|49|8|115|239|301|392|6
José Tena|WSN|3B|217|4|23|22|6|55|253|308|373|6
Leo Rivas|SEA|2B/SS|161|2|19|14|7|40|215|334|301|6
Jake Bauers|MIL|1B/OF|301|12|35|36|8|91|216|316|408|6
Graham Pauley|MIA|3B|287|8|32|32|4|58|229|303|379|6
Moisés Ballesteros|CHC|DH|361|9|39|43|2|62|264|327|400|6
Miguel Andujar|SDP|3B/OF|364|9|39|44|2|54|274|317|415|6
Jake Fraley|TBR|OF|406|10|45|43|13|83|243|320|371|6
Ben Williamson|TBR|3B|231|2|24|21|5|48|252|311|347|6
Braxton Fulford|COL|C|186|5|22|22|2|50|244|316|405|6
Sam Haggerty|TEX|OF|259|3|32|24|13|57|247|317|361|6
Blake Perkins|MIL|OF|196|4|22|19|7|53|223|308|342|5
Andrés Chaparro|WSN|1B/DH|259|9|28|32|1|62|239|309|413|5
Andrew Benintendi|CHW|OF|525|16|58|61|3|91|251|317|400|5
Angel Martínez|CLE|OF|266|6|29|27|4|57|236|290|370|5
Thomas Saggese|STL|2B/SS|196|4|21|21|2|49|249|302|375|5
Rob Refsnyder|SEA|OF|266|8|31|31|3|75|234|323|390|5
Jeremiah Jackson|BAL|3B/OF|224|8|25|28|4|51|244|285|411|5
Lane Thomas|KCR|OF|413|12|50|47|14|107|232|303|392|5
Jesse Winker||OF|231|6|26|25|3|50|239|351|385|5
Amed Rosario|NYY|SS|224|4|24|25|4|39|262|296|380|5
Javier Sanoja|MIA|3B/OF|203|3|21|21|5|21|258|306|380|5
Austin Wynns|ATH|C|166|4|16|19|1|46|233|291|363|5
José Fermín|STL|2B/3B|140|2|17|14|5|17|242|340|364|5
Michael Massey|KCR|2B|252|7|26|28|2|47|249|291|393|5
Noelvi Marte|CIN|3B/OF|518|16|62|63|14|114|253|306|411|5
Andy Ibáñez|ATH|2B/3B|224|5|24|25|3|43|245|305|383|5
Javier Báez|DET|SS|392|10|42|46|6|93|237|274|376|5
Esteury Ruiz|MIA|OF|112|2|15|12|10|25|246|325|386|5
Jordan Walker|STL|OF|539|15|55|59|10|141|239|303|386|5
Will Benson|CIN|OF|224|8|28|27|6|68|225|312|412|5
Alan Roden|MIN|OF|161|3|20|17|2|28|257|338|384|5
Johnathan Rodríguez|CLE|OF|182|6|20|22|1|52|250|319|415|5
Gary Sánchez|MIL|C|143|7|16|20|0|39|222|300|424|5
Rafael Marchán|PHI|C|128|2|13|13|0|21|231|307|344|5
Christopher Morel|MIA|DH/OF|371|15|43|45|7|111|223|303|409|4
Jonny DeLuca|TBR|OF|294|8|32|31|9|61|232|296|379|4
James Outman|MIN|OF|189|6|24|20|4|64|216|307|389|4
Yohel Pozo|STL|C/DH|179|5|19|22|1|22|264|289|415|4
Vaughn Grissom|LAA|2B|140|3|16|14|2|27|249|316|371|4
Ezequiel Duran|TEX|3B|259|5|28|26|8|61|246|292|376|4
Cody Freeman|TEX|2B|203|5|23|22|3|31|245|292|380|4
Taylor Walls|TBR|SS|301|5|33|27|13|71|213|295|322|4
Zack Gelof|ATH|2B|112|4|14|14|3|36|228|299|399|4
Tyrone Taylor|NYM|OF|273|6|31|28|7|61|232|284|372|4
Matt Vierling|DET|OF|224|5|25|23|3|52|245|311|381|4
Jon Berti||3B|147|2|17|12|8|31|249|313|337|4
Tyler Austin|CHC|1B|161|7|20|22|0|40|246|319|447|4
James McCann|ARI|C|200|5|21|22|1|51|239|288|378|4
Starling Marte|KCR|OF|273|6|32|29|8|58|265|323|393|4
Ronny Mauricio|NYM|2B/3B|133|4|16|16|3|33|244|296|402|4
Jahmai Jones|DET|2B/DH/OF|126|4|17|15|2|31|244|341|420|4
Daniel Schneemann|CLE|2B/OF|175|4|19|17|3|47|219|299|359|4
Nathan Church|STL|OF|203|3|23|21|5|28|253|310|359|4
Jett Williams|MIL|SS|147|3|18|16|5|39|222|307|369|3
Jimmy Crooks|STL|C|97|2|10|10|0|26|238|297|367|3
Masataka Yoshida|BOS|DH/OF|175|4|19|21|2|23|279|338|422|3
Carlos Cortes|ATH|OF|161|5|19|19|1|34|239|309|404|3
Triston Casas|BOS|1B|140|6|16|18|0|35|240|340|434|3
Dane Myers|CIN|OF|238|6|26|28|9|60|245|306|374|3
Oswald Peraza|LAA|3B|217|6|24|21|7|56|218|284|345|3
Connor Wong|BOS|C|211|5|23|21|3|52|244|305|379|3
Max Kepler||OF|126|4|15|15|1|26|237|312|410|3
Everson Pereira|CHW|OF|210|8|27|24|4|67|227|298|396|3
César Salazar|HOU|C|96|2|10|10|1|20|209|303|321|3
Ryan Vilade|TBR|OF|175|4|19|19|3|43|241|312|371|3
Otto Kemp|PHI|1B/3B|238|7|29|30|4|68|234|313|395|3
Nolan Jones|CLE|OF|119|3|13|12|2|35|237|324|379|3
Luis Matos|SFG|OF|126|4|15|16|2|17|249|299|409|3
Bryce Eldridge|SFG|1B/DH|420|16|42|55|1|125|234|302|416|3
Carlos Santana|ARI|1B|357|10|38|40|3|69|224|314|362|3
Jasson Domínguez|NYY|OF|91|3|12|11|4|23|250|325|404|3
Hyeseong Kim|LAD|2B|133|2|15|15|7|33|249|293|359|3
Brett Harris|ATH|3B|105|2|12|12|1|22|235|317|364|3
Ryan Mountcastle|BAL|1B|147|5|17|19|1|36|257|304|432|3
Leody Taveras|BAL|OF|77|2|9|8|3|16|250|305|392|3
Troy Johnston|COL|1B/OF|287|7|33|35|9|58|262|323|417|3
Keibert Ruiz|WSN|C|320|8|30|36|2|36|249|292|379|3
Daniel Susac|SFG|C|77|2|7|9|1|22|235|286|367|3
Christian Vázquez|HOU|C|77|1|7|7|1|15|226|280|327|3
Juan Brito|CLE|2B|98|2|11|10|1|20|228|314|363|3
Ryan Waldschmidt|ARI|OF|119|2|15|13|3|26|239|336|360|3
Justyn-Henry Malloy|TBR|DH/OF|98|3|12|11|1|27|239|349|381|3
Johan Rojas|PHI|OF|91|1|11|9|5|19|247|294|350|2
Leo Jiménez|TOR|2B/SS|77|2|9|8|1|17|229|319|352|2
Nick Allen|HOU|SS|126|1|12|10|3|25|233|297|313|2
Richie Palacios|TBR|OF|175|3|20|16|5|34|232|321|337|2
Randal Grichuk|NYY|OF|126|4|15|15|0|27|242|295|419|2
Tyler Locklear|ARI|1B|154|4|18|19|3|40|244|322|398|2
Griffin Conine|MIA|OF|371|12|40|43|1|123|222|302|383|2
Jose Iglesias||SS|168|2|16|16|2|28|253|302|343|2
Mike Tauchman|NYM|OF|105|2|13|10|1|25|233|332|362|2
Eli White|ATL|OF|133|3|17|15|5|37|237|295|371|2
Luis Urías||2B/3B|98|3|10|11|1|18|229|320|360|2
Dom Keegan|TBR|C|64|2|7|7|0|18|225|291|361|2
Robert Hassell III|WSN|OF|273|5|28|26|6|65|242|300|345|2
Kristian Campbell|BOS|2B|91|2|10|10|1|23|248|335|381|2
Heriberto Hernández|MIA|DH/OF|336|11|38|41|3|102|223|309|393|2
Jacob Melton|TBR|OF|147|4|17|16|8|39|224|286|367|2
Brice Matthews|HOU|2B|77|2|9|9|3|26|220|304|383|2
Tim Tawa|ARI|2B/OF|168|5|18|18|3|42|223|291|370|2
Lenyn Sosa|CHW|2B|406|14|42|51|2|90|251|285|409|2
Oswaldo Cabrera|NYY|3B/OF|126|3|15|13|2|26|237|303|370|2
Blaine Crim|COL|1B|175|6|21|22|1|37|259|328|431|2
Bryce Teodosio|LAA|OF|252|3|26|22|11|79|219|273|320|2
Nick Yorke|PIT|2B|105|2|11|10|2|24|254|309|365|2
Jorge Mateo|ATL|SS|147|3|17|14|11|39|224|269|357|2
Ildemaro Vargas|ARI|2B/3B|91|1|9|10|1|11|251|299|356|2
Andrew Knizner|SEA|C|77|1|8|7|0|16|220|295|320|2
Nathaniel Lowe|CIN|1B|112|3|12|14|0|26|255|336|408|2
Jonah Heim|ATL|C|70|2|7|7|0|14|226|285|356|2
Andruw Monasterio|BOS|2B/3B|98|2|12|10|3|23|242|319|363|2
Walker Jenkins|MIN|OF|84|2|9|9|2|19|239|321|364|2
Myles Straw|TOR|OF|182|2|20|15|6|35|234|295|318|2
Derek Hill|CHW|OF|84|2|10|9|3|24|235|290|367|2
Nick Loftin|KCR|2B/OF|63|1|7|6|1|10|243|327|367|2
Bryce Johnson|SDP|OF|140|2|15|13|5|38|231|307|327|2
Eric Wagaman|MIN|1B|112|3|12|12|1|22|258|309|403|2
Michael Conforto|CHC|OF|91|3|10|11|0|23|227|316|397|2
Brandon Lockridge|MIL|OF|84|1|9|8|4|22|242|308|339|2
Tyler Tolbert|KCR|OF|154|2|18|14|12|40|225|282|323|1
Michael Helman|TEX|OF|84|2|10|9|2|19|217|276|355|1
Dylan Moore|PHI|2B/OF|84|3|11|9|5|25|214|307|393|1
Abimelec Ortiz|WSN|1B|273|10|32|32|1|71|229|297|398|1
Will Brennan|SFG|OF|119|2|12|12|2|17|266|309|375|1
Andrew McCutchen|TEX|OF|196|5|21|19|1|47|232|326|368|1
Tommy Troy|ARI|2B/SS|63|1|6|6|1|13|238|308|352|1
Zach Dezenzo|HOU|1B/OF|98|3|12|11|1|30|240|304|397|1
Endy Rodríguez|PIT|C|54|1|6|6|0|11|242|310|386|1
Nelson Velázquez|STL|DH/OF|91|3|10|11|1|24|221|292|393|1
Adael Amador|COL|2B|70|1|8|7|2|12|250|332|377|1
Alejandro Osuna|TEX|OF|56|1|7|6|2|12|246|328|372|1
Anthony Santander|TOR|OF|56|3|7|8|0|13|228|308|443|1
Santiago Espinal|LAD|2B/3B|105|1|10|9|1|14|249|303|334|1
Drew Gilbert|SFG|OF|77|2|8|8|1|15|230|305|375|1
Tommy Pham||OF|154|3|17|15|3|35|242|315|370|1
Chas McCormick|CHC|OF|70|2|8|8|2|19|228|306|365|1
Isiah Kiner-Falefa|BOS|SS|161|2|16|15|5|27|252|296|336|1
Orlando Arcia|MIN|SS|98|2|9|10|0|20|227|283|353|1
Nick Castellanos|SDP|3B/OF|371|12|41|46|3|88|249|296|407|1
Rafael Flores Jr.|PIT|1B|53|1|5|5|0|15|246|309|386|1
Enrique Hernández|LAD|OF|182|5|20|21|1|42|225|281|369|1
Tom Murphy||C|51|2|6|6|0|15|233|301|394|1
Jerar Encarnacion|SFG|OF|91|3|10|12|1|29|237|301|401|1
David Fry|CLE|DH|178|6|19|21|1|49|218|294|377|1
Jorge Barrosa|ARI|OF|112|2|12|10|2|26|227|297|338|1
Rowdy Tellez||1B|189|8|20|24|1|46|232|296|413|1
Maximo Acosta|MIA|2B/3B/SS|63|1|7|6|2|16|224|286|344|1
Ben Gamel|ATL|OF|70|2|8|7|1|21|227|322|363|1
Nelson Rada|LAA|OF|63|0|7|5|3|15|240|321|305|1
Tristan Gray|MIN|1B/2B/3B|63|2|7|7|0|18|220|278|377|1
Ryan Kreidler|MIN|3B/SS|105|2|11|9|3|32|196|291|304|1
John Rave|KCR|OF|98|2|11|10|3|26|229|303|372|1
Nate Eaton|BOS|3B/OF|63|1|7|7|2|16|240|298|375|1
Jhostynxon Garcia|PIT|OF|273|7|31|29|3|76|231|288|379|1
Korey Lee|CHW|C|109|3|12|12|1|29|220|267|356|1
Joey Wiemer|WSN|OF|119|3|12|12|3|36|208|284|342|1
TJ Rumfield|COL|1B|112|3|13|12|1|23|261|330|400|0
Adrian Del Castillo|ARI|C/DH|138|4|15|16|0|39|230|300|389|0
Tanner Murray|CHW|2B/3B|56|1|6|6|0|13|230|273|346|0
Zac Veen|COL|OF|119|3|14|13|4|28|250|311|395|0
Justin Turner||3B|182|4|19|19|1|35|244|323|369|0
Mark Canha|TEX|OF|63|1|6|6|1|13|236|324|349|0
Chris Taylor|LAA|OF|98|2|10|9|2|32|213|292|335|0
Wilmer Flores||1B|182|6|19|22|0|33|233|304|386|0
Yohandy Morales|WSN|1B/3B|56|1|6|6|0|16|236|297|362|0
Braden Montgomery|CHW|OF|140|3|14|14|2|41|229|293|361|0
Orelvis Martinez|WSN|2B|56|2|6|6|0|16|197|270|362|0
Jarred Kelenic|CHW|OF|63|2|7|6|1|18|224|287|375|0
Charlie Condon|COL|1B/OF|189|5|20|22|1|54|244|316|390|-1
Deyvison De Los Santos|MIA|1B/3B|91|3|10|11|1|23|233|281|378|-1
Dominic Smith|ATL|1B/OF|238|6|26|26|2|48|244|311|374|-1
Kris Bryant|COL|3B/OF|56|1|6|5|0|14|238|314|369|-1
Adam Frazier|LAA|2B/OF|217|3|21|19|3|40|234|294|332|-1
Jeimer Candelario|LAA|3B|84|2|8|9|0|23|204|274|353|-1
