name|team|role|ip|w|sv|hld|era|whip|so|hr|qs|gs|g|war
Tarik Skubal|DET|SP|2000|14|0|0|267|981|245|19|22|32|32|63
Garrett Crochet|BOS|SP|1970|15|0|0|290|1083|245|20|21|32|32|58
Paul Skenes|PIT|SP|1890|13|0|0|284|1067|223|17|21|32|32|54
Cristopher Sánchez|PHI|SP|2000|12|0|0|321|1161|193|18|20|32|32|48
Logan Webb|SFG|SP|2020|14|0|0|318|1168|191|16|20|32|32|45
Cole Ragans|KCR|SP|1630|11|0|0|340|1165|202|17|17|29|29|41
Chris Sale|ATL|SP|1650|12|0|0|315|1103|200|18|18|28|28|40
Max Fried|NYY|SP|1890|14|0|0|332|1180|176|17|19|31|31|39
Hunter Brown|HOU|SP|1830|13|0|0|334|1188|197|19|19|31|31|38
Sonny Gray|BOS|SP|1780|12|0|0|372|1214|186|21|17|31|31|37
Jacob deGrom|TEX|SP|1690|11|0|0|350|1083|188|23|17|29|29|37
Dylan Cease|TOR|SP|1730|12|0|0|357|1210|203|20|18|31|31|37
Framber Valdez|DET|SP|1950|13|0|0|341|1240|180|17|19|31|31|36
Yoshinobu Yamamoto|LAD|SP|1550|12|0|0|338|1112|165|17|16|26|26|36
Bryan Woo|SEA|SP|1950|13|0|0|346|1081|197|25|19|32|32|35
Zack Wheeler|PHI|SP|1570|11|0|0|331|1107|171|18|16|26|26|35
Jesús Luzardo|PHI|SP|1790|12|0|0|378|1193|197|23|17|31|31|35
Ranger Suarez|BOS|SP|1690|12|0|0|361|1269|149|17|17|29|29|34
George Kirby|SEA|SP|1730|12|0|0|352|1112|170|21|18|31|31|33
Joe Ryan|MIN|SP|1670|11|0|0|379|1117|183|24|16|29|29|31
Shane McClanahan|TBR|SP|1390|9|0|0|333|1142|150|16|14|24|24|31
Aaron Nola|PHI|SP|1800|11|0|0|412|1210|177|26|16|31|31|31
Logan Gilbert|SEA|SP|1630|10|0|0|341|1087|178|21|17|29|29|31
Kevin Gausman|TOR|SP|1820|12|0|0|388|1231|177|24|17|31|31|30
Nathan Eovaldi|TEX|SP|1730|10|0|0|378|1184|164|22|16|29|29|29
Brandon Woodruff|MIL|SP|1510|10|0|0|374|1153|160|21|15|28|28|29
Michael King|SDP|SP|1610|10|0|0|368|1245|170|20|16|29|29|29
Kyle Bradish|BAL|SP|1370|8|0|0|362|1205|145|15|15|26|26|29
MacKenzie Gore|TEX|SP|1600|11|0|0|382|1244|182|19|16|29|29|29
Drew Rasmussen|TBR|SP|1600|10|0|0|364|1180|144|18|17|31|31|29
José Soriano|LAA|SP|1760|11|0|0|386|1359|164|15|17|31|31|29
Spencer Strider|ATL|SP|1590|11|0|0|385|1207|187|20|15|28|28|28
Sandy Alcantara|MIA|SP|1880|11|0|0|408|1258|156|21|16|31|31|27
Blake Snell|LAD|SP|1320|10|0|0|355|1244|164|15|14|24|24|27
Andrew Abbott|CIN|SP|1660|9|0|0|417|1271|151|25|15|29|29|27
Freddy Peralta|NYM|SP|1620|11|0|0|383|1218|177|21|16|29|29|26
Tyler Glasnow|LAD|SP|1330|8|0|0|368|1197|155|17|13|24|24|26
Nick Pivetta|SDP|SP|1730|10|0|0|392|1169|190|27|16|29|29|26
Tanner Bibee|CLE|SP|1820|11|0|0|390|1234|170|24|17|31|31|25
Kris Bubic|KCR|SP|1450|10|0|1|375|1280|140|16|12|24|34|25
Jack Flaherty|DET|SP|1600|11|0|0|401|1268|176|21|15|29|29|25
Chase Burns|CIN|SP|1150|8|0|1|374|1170|133|16|11|21|29|25
Matthew Boyd|CHC|SP|1670|11|0|0|389|1226|149|22|16|29|29|24
Nick Lodolo|CIN|SP|1530|9|0|0|413|1202|156|21|14|28|28|24
Brady Singer|CIN|SP|1710|10|0|0|438|1297|162|25|15|31|31|24
Mitch Keller|PIT|SP|1750|10|0|0|419|1297|152|22|16|31|31|23
Luis Castillo|SEA|SP|1790|11|0|0|382|1208|167|24|17|31|31|23
Yusei Kikuchi|LAA|SP|1690|9|0|0|421|1342|173|25|15|31|31|23
Shohei Ohtani|LAD|SP|1160|8|0|0|351|1133|138|15|13|23|23|23
Mason Miller|SDP|RP|660|4|32|2|243|963|106|6|0|0|66|23
Carlos Rodón|NYY|SP|1550|11|0|0|400|1242|163|21|15|28|28|23
Emmet Sheehan|LAD|SP|1430|9|0|1|397|1199|162|20|11|24|42|23
Ryan Pepiot|TBR|SP|1690|11|0|0|405|1232|173|24|16|31|31|23
David Peterson|NYM|SP|1630|9|0|0|385|1350|146|16|16|29|29|23
Eury Pérez|MIA|SP|1350|8|0|0|404|1206|145|19|14|28|28|23
Joe Musgrove|SDP|SP|1580|9|0|0|389|1215|145|20|15|28|28|23
Steven Matz|TBR|SP|1380|7|0|1|395|1269|122|17|11|23|37|22
Reid Detmers|LAA|SP|1450|9|0|1|408|1254|159|19|11|24|34|22
Jhoan Duran|PHI|RP|700|7|29|3|267|1099|84|4|0|0|70|21
Michael Wacha|KCR|SP|1640|10|0|0|431|1298|128|22|14|29|29|21
Bailey Ober|MIN|SP|1550|8|0|0|432|1223|140|25|14|28|28|21
Clay Holmes|NYM|SP|1530|10|0|0|389|1368|125|13|15|28|28|21
Zac Gallen|ARI|SP|1820|13|0|0|403|1280|170|23|16|31|31|21
Grayson Rodriguez|LAA|SP|1220|7|0|0|395|1255|128|16|12|23|23|21
Casey Mize|DET|SP|1450|9|0|0|405|1267|129|19|14|28|28|21
Gerrit Cole|NYY|SP|1360|8|0|0|393|1188|135|19|12|23|23|21
Gavin Williams|CLE|SP|1680|10|0|0|385|1309|172|21|17|31|31|21
Merrill Kelly|ARI|SP|1590|10|0|0|394|1273|141|21|15|28|28|21
Trevor Rogers|BAL|SP|1420|9|0|0|408|1310|122|17|13|26|26|21
Braxton Ashcraft|PIT|RP|1510|9|0|1|383|1282|133|16|11|23|47|20
Shane Smith|CHW|SP|1600|8|0|0|419|1284|150|21|15|29|29|20
Brandon Pfaadt|ARI|SP|1630|10|0|0|422|1251|145|22|15|29|29|20
Jeffrey Springs|ATH|SP|1620|10|0|0|438|1313|138|25|14|29|29|20
Luis Severino|ATH|SP|1710|9|0|0|448|1328|137|23|14|29|29|20
Jack Leiter|TEX|SP|1480|9|0|0|429|1308|141|19|14|28|28|20
Reynaldo López|ATL|SP|1460|10|0|1|382|1255|147|17|12|24|38|20
Nolan McLean|NYM|SP|1450|10|0|0|382|1294|140|15|14|26|26|20
Foster Griffin|WSN|SP|1410|7|0|1|412|1277|126|18|11|23|35|19
Brayan Bello|BOS|SP|1530|9|0|0|422|1360|127|17|14|28|28|19
Shane Bieber|TOR|SP|1210|7|0|1|370|1192|111|15|10|19|31|19
Chris Bassitt|BAL|SP|1740|11|0|1|418|1326|158|23|14|29|37|19
Bubba Chandler|PIT|SP|1490|9|0|1|411|1328|137|18|12|26|38|19
Griffin Jax|TBR|RP|680|5|12|10|283|1064|88|6|0|0|68|19
Cade Smith|CLE|RP|700|6|30|3|285|1067|91|6|0|0|70|19
Braxton Garrett|MIA|SP|1290|7|0|1|389|1235|112|16|11|23|31|18
Trey Yesavage|TOR|SP|1280|7|0|1|379|1256|140|15|11|23|37|18
Cade Cavalli|WSN|SP|1370|7|0|0|420|1335|117|15|13|26|26|18
Edward Cabrera|CHC|SP|1370|9|0|0|392|1249|146|17|14|26|26|18
Shota Imanaga|CHC|SP|1470|9|0|0|404|1176|134|26|13|26|26|18
Shane Baz|BAL|SP|1520|9|0|0|428|1295|149|22|14|28|28|18
Hunter Greene|CIN|SP|830|5|0|0|373|1112|98|11|8|15|15|18
Cody Ponce|TOR|RP|1400|8|0|1|403|1241|138|19|9|19|47|18
Tatsuya Imai|HOU|SP|1530|9|0|0|437|1388|145|20|13|26|26|18
Zebby Matthews|MIN|SP|1160|7|0|1|399|1231|114|16|9|19|33|18
Jacob Misiorowski|MIL|SP|1350|9|0|1|399|1283|156|17|12|24|32|18
Edwin Díaz|LAD|RP|660|5|36|3|298|1070|93|7|0|0|66|17
Taj Bradley|MIN|SP|1320|7|0|1|425|1299|125|18|10|23|33|17
Justin Verlander|DET|SP|1410|8|0|0|431|1306|116|20|13|26|26|17
Ryne Nelson|ARI|SP|1670|9|0|1|409|1268|138|22|13|28|38|17
Dustin May|STL|SP|1630|9|0|1|419|1288|148|19|12|26|36|17
Jacob Lopez|ATH|SP|1220|8|0|0|417|1304|127|17|11|23|23|17
Nick Martinez|TBR|RP|1470|9|0|1|432|1295|114|19|9|21|47|17
Aroldis Chapman|BOS|RP|620|5|31|2|296|1170|88|5|0|0|62|17
Spencer Schwellenbach|ATL|SP|890|6|0|0|352|1128|87|11|9|15|15|17
Cam Schlittler|NYY|SP|1210|8|0|0|403|1283|119|16|12|23|23|17
Kyle Freeland|COL|SP|1600|8|0|0|502|1420|118|25|12|29|29|16
Noah Cameron|KCR|SP|1420|8|0|0|420|1312|120|19|13|26|26|16
Quinn Priester|MIL|SP|1410|9|0|0|412|1314|118|17|12|24|24|16
Bryce Miller|SEA|SP|1410|8|0|0|411|1226|125|20|13|26|26|16
Grant Taylor|CHW|RP|920|5|5|15|347|1209|103|9|1|3|80|16
Seth Lugo|KCR|SP|1600|9|0|0|439|1341|135|23|14|28|28|16
Mike Burrows|HOU|SP|1310|6|0|1|411|1265|129|19|11|24|34|16
Jameson Taillon|CHC|SP|1530|9|0|0|440|1253|119|25|13|28|28|16
Simeon Woods Richardson|MIN|SP|1350|7|0|1|438|1337|122|19|11|24|32|16
Matthew Liberatore|STL|SP|1500|9|0|0|422|1313|125|19|14|28|28|15
Michael McGreevy|STL|SP|1350|8|0|1|399|1275|94|15|11|23|31|15
Roki Sasaki|LAD|RP|1130|7|0|1|416|1287|118|15|8|18|38|15
Max Meyer|MIA|SP|1370|8|0|1|424|1321|123|18|11|24|34|15
Eduardo Rodriguez|ARI|SP|1320|8|0|1|422|1355|118|18|11|23|31|15
Chad Patrick|MIL|SP|1410|8|0|0|442|1276|132|23|12|26|26|15
Davis Martin|CHW|SP|1500|7|0|0|454|1366|117|21|13|28|28|15
Robbie Ray|SFG|SP|1740|10|0|0|412|1298|176|25|16|31|31|15
Bryan Abreu|HOU|RP|680|4|5|13|297|1158|91|6|0|0|68|15
Joey Cantillo|CLE|RP|1440|8|0|1|380|1319|154|18|10|21|54|15
Jared Jones|PIT|SP|1020|6|0|1|394|1274|100|12|9|18|24|15
Zach Eflin|BAL|SP|1470|9|0|1|435|1249|113|23|11|24|34|14
Sean Manaea|NYM|RP|1360|8|0|1|420|1229|140|20|9|21|43|14
Zack Littell|WSN|SP|1510|7|0|0|462|1271|113|26|12|26|26|14
Cade Horton|CHC|SP|1270|8|0|0|412|1252|111|17|12|24|24|14
Aaron Civale|ATH|SP|1300|7|0|0|464|1303|113|21|11|24|24|14
Will Warren|NYY|RP|1320|7|0|1|425|1302|130|18|9|21|43|14
Josh Hader|HOU|RP|610|5|29|3|321|1091|85|8|0|0|61|14
Anthony Kay|CHW|SP|1340|7|0|1|442|1402|110|18|9|21|35|14
Justin Steele|CHC|SP|810|5|0|0|358|1200|76|9|8|15|15|14
David Bednar|NYY|RP|650|5|33|2|324|1123|81|7|0|0|65|13
Devin Williams|NYM|RP|640|5|32|3|312|1135|85|6|0|0|64|13
Abner Uribe|MIL|RP|720|4|19|7|312|1206|87|6|0|0|72|13
Garrett Whitlock|BOS|RP|700|5|3|14|332|1150|79|7|0|0|70|13
Landen Roupp|SFG|SP|1260|7|0|1|395|1341|118|13|11|23|31|13
Andre Pallante|STL|SP|1330|8|0|0|425|1421|93|13|12|24|24|13
Tyler Mahle|SFG|SP|1370|8|0|0|405|1288|113|18|13|26|26|13
Kodai Senga|NYM|SP|1190|7|0|1|385|1324|119|14|9|19|35|13
Parker Messick|CLE|SP|1210|7|0|0|403|1307|111|16|12|23|23|13
Pete Fairbanks|MIA|RP|620|4|27|4|338|1204|65|6|0|0|62|13
Andrés Muñoz|SEA|RP|640|4|28|3|286|1115|82|5|0|0|64|13
Slade Cecconi|CLE|SP|1550|8|0|0|445|1273|130|25|13|28|28|12
Dean Kremer|BAL|SP|1350|8|0|1|438|1311|115|20|9|21|38|12
Jose Quintana|COL|SP|1440|8|0|0|486|1486|102|20|11|26|26|12
José Alvarado|PHI|RP|640|5|3|12|330|1243|75|6|0|0|64|12
Adrian Houser|SFG|SP|1470|8|0|0|423|1380|105|16|13|26|26|12
Ryan Weathers|NYY|SP|1180|7|0|1|414|1289|111|15|8|19|37|12
Will Vest|DET|RP|680|4|5|12|330|1191|69|6|0|0|68|12
Cristian Javier|HOU|SP|1480|8|0|0|467|1354|138|24|12|28|28|12
Bryce Elder|ATL|SP|1240|7|0|1|444|1357|103|15|9|21|27|12
Trevor Megill|MIL|RP|660|5|11|9|328|1170|82|7|0|0|66|12
Kumar Rocker|TEX|RP|1020|6|0|1|419|1296|91|13|7|16|38|11
Logan Henderson|MIL|RP|910|6|0|1|415|1221|91|14|6|15|31|11
Luis Morales|ATH|SP|1190|7|0|1|446|1353|105|17|8|19|33|11
Sean Burke|CHW|SP|1410|7|0|0|474|1411|132|22|12|26|26|11
Robby Snelling|MIA|SP|860|5|0|0|403|1335|74|10|8|16|16|11
Ryan Helsley|BAL|RP|640|4|26|3|338|1201|75|7|0|0|64|11
Rhett Lowder|CIN|SP|1190|6|0|1|465|1353|91|17|9|21|31|11
Adrian Morejon|SDP|RP|680|6|3|13|339|1201|69|6|0|0|68|11
Grant Holmes|ATL|SP|1290|8|0|1|419|1354|122|17|9|19|35|11
Tanner Scott|LAD|RP|630|4|4|15|347|1215|72|7|0|0|63|11
Logan Allen|CLE|SP|1210|7|0|1|430|1395|100|17|10|21|29|11
Jeremiah Estrada|SDP|RP|700|5|0|15|329|1154|95|8|0|0|70|11
Michael Lorenzen|COL|SP|1430|7|0|0|508|1449|114|24|11|26|26|11
Max Scherzer|TOR|RP|1050|6|0|1|422|1208|104|18|7|16|36|11
Johan Oviedo|BOS|RP|1030|6|0|1|428|1345|99|13|6|15|43|11
Jeff Hoffman|TOR|RP|630|5|26|4|339|1154|76|8|0|0|63|10
Hunter Harvey|CHC|RP|520|4|5|13|309|1103|58|5|0|0|52|10
Matt Brash|SEA|RP|630|4|3|12|310|1209|76|5|0|0|63|10
Lance McCullers Jr.|HOU|SP|1080|6|0|1|439|1426|104|14|8|19|32|10
José Berríos|TOR|RP|1420|8|0|1|440|1314|118|22|8|19|51|10
Lucas Giolito||SP|1250|6|0|0|468|1386|112|20|10|23|23|10
Chris Paddack|MIA|SP|1380|6|0|1|483|1324|106|24|9|23|39|10
Matt Strahm|KCR|RP|660|4|1|17|350|1145|72|8|0|0|66|10
Kyle Harrison|MIL|SP|1040|5|0|1|427|1328|103|14|8|18|32|10
Miles Mikolas|WSN|SP|1390|7|0|0|477|1336|92|23|11|26|26|10
Kyle Leahy|STL|RP|1230|6|0|1|416|1349|102|14|6|15|53|10
Mick Abel|MIN|SP|1290|7|0|1|455|1438|115|16|10|23|35|10
Ian Seymour|TBR|RP|1040|6|0|1|417|1225|99|15|5|13|43|9
Patrick Sandoval|BOS|RP|940|6|0|1|397|1381|87|9|4|10|52|9
Robert Garcia|TEX|RP|640|5|20|6|354|1215|70|7|0|0|64|9
Robert Suarez|ATL|RP|670|5|8|11|356|1193|70|7|0|0|67|9
Garrett Cleavinger|TBR|RP|660|5|8|13|326|1135|83|8|0|0|66|9
Camilo Doval|NYY|RP|640|4|2|14|352|1273|74|5|0|0|64|9
Fernando Cruz|NYY|RP|610|4|1|16|339|1236|82|7|0|0|61|9
Ryan Walker|SFG|RP|630|5|24|6|327|1182|68|5|0|0|63|9
Raisel Iglesias|ATL|RP|660|5|26|4|361|1151|71|8|0|0|66|8
Jacob Latz|TEX|RP|1110|4|0|1|441|1391|107|14|4|11|51|8
Edwin Uceta|TBR|RP|620|4|12|10|366|1184|74|8|0|0|62|8
Emilio Pagán|CIN|RP|660|3|27|4|404|1193|71|10|0|0|66|8
Chris Martin|TEX|RP|540|4|4|12|338|1155|53|6|0|0|54|8
Cole Sands|MIN|RP|680|4|3|13|392|1230|67|8|0|0|68|8
Alex Vesia|LAD|RP|610|4|1|18|355|1185|77|8|0|0|61|8
Dennis Santana|PIT|RP|680|4|26|5|372|1247|63|7|0|0|68|8
Jose A. Ferrer|SEA|RP|700|4|3|16|327|1194|67|5|0|0|70|8
Tomoyuki Sugano|COL|SP|1160|6|0|0|517|1426|74|21|8|21|21|8
Kevin Ginkel|ARI|RP|620|4|12|11|361|1279|64|6|0|0|62|8
Brandon Sproat|MIL|RP|810|4|0|1|419|1328|70|10|5|11|33|8
Lucas Erceg|KCR|RP|620|4|2|13|371|1289|61|5|0|0|62|8
J.T. Ginn|ATH|RP|760|4|0|1|417|1309|72|10|4|10|36|8
Michael Soroka|ARI|RP|1010|6|2|1|408|1265|101|12|5|11|52|8
Seranthony Domínguez|CHW|RP|630|4|20|6|392|1309|71|8|0|0|63|8
Orion Kerkering|PHI|RP|630|5|1|13|349|1213|70|6|0|0|63|8
Ryan Feltner|COL|RP|1010|5|0|1|515|1487|84|15|5|16|34|8
Robert Gasser|MIL|RP|760|4|0|1|406|1257|70|10|4|10|36|7
Joe Boyle|TBR|RP|750|4|0|1|406|1378|84|8|5|11|29|7
Hunter Barco|PIT|RP|890|4|0|1|415|1370|82|11|4|11|45|7
Daniel Palencia|CHC|RP|670|5|30|4|368|1235|75|7|0|0|67|7
Robert Stephenson|LAA|RP|600|2|13|9|409|1223|67|8|0|0|60|7
Andrew Painter|PHI|SP|1040|5|0|1|473|1392|90|17|7|18|31|7
Chase Dollander|COL|SP|1140|5|0|0|527|1486|98|18|9|23|23|7
Richard Fitts|STL|SP|1280|7|0|1|442|1332|96|18|10|23|36|7
Graham Ashcraft|CIN|RP|650|5|2|16|388|1285|59|6|0|0|65|7
Ryan Weiss|HOU|RP|930|5|0|1|423|1319|91|12|4|10|47|7
Jared Koenig|MIL|RP|650|4|1|15|356|1232|66|7|0|0|65|7
Drew Anderson|DET|RP|820|5|0|9|395|1263|91|10|2|5|60|7
Drew Pomeranz|LAA|RP|580|3|3|11|393|1236|61|7|0|0|58|7
Louis Varland|TOR|RP|670|4|2|13|351|1178|66|8|0|0|67|7
Patrick Corbin||SP|870|5|0|0|486|1424|70|13|7|16|16|7
Jonathan Cannon|CHW|RP|1060|5|0|1|481|1398|80|16|5|15|41|7
Randy Vásquez|SDP|SP|1370|7|0|1|479|1400|94|20|9|24|36|7
Brad Lord|WSN|RP|1030|5|0|1|436|1338|80|13|4|11|53|7
Luis Gil|NYY|RP|990|5|0|1|440|1341|101|14|4|11|51|7
Germán Márquez|SDP|SP|1290|7|0|1|499|1432|96|20|9|23|34|6
Janson Junk|MIA|RP|860|5|0|1|433|1267|63|11|3|8|48|6
Dylan Lee|ATL|RP|650|3|1|16|354|1173|73|9|0|0|65|6
Corbin Burnes|ARI|SP|390|3|0|0|351|1214|37|4|4|6|6|6
Gregory Soto|PIT|RP|610|3|4|14|369|1298|66|5|0|0|61|6
Jordan Leasure|CHW|RP|640|4|5|10|416|1301|73|9|0|0|64|6
Gage Jump|ATH|SP|490|3|0|0|431|1327|43|7|5|10|10|6
David Festa|MIN|RP|490|3|0|1|409|1279|50|6|3|6|22|6
Mark Leiter Jr.|ATH|RP|640|5|6|13|399|1311|69|8|0|0|64|6
Aaron Ashby|MIL|RP|850|5|1|13|379|1385|88|7|1|3|70|6
Erick Fedde|CHW|SP|1090|6|0|1|495|1430|83|18|7|18|28|6
Jake Irvin|WSN|SP|1230|6|0|1|482|1365|93|20|7|19|34|6
Hurston Waldrep|ATL|SP|610|4|0|0|429|1410|55|7|5|11|11|6
Griffin Canning|SDP|SP|1080|6|0|1|453|1364|96|17|7|18|32|6
Bryan Baker|TBR|RP|630|4|3|12|380|1209|70|8|0|0|63|6
JoJo Romero|STL|RP|640|5|12|9|349|1294|62|6|0|0|64|6
Cody Bradford|TEX|RP|710|4|0|1|436|1226|61|11|3|8|36|5
Hunter Dobbins|STL|RP|870|5|0|1|446|1363|62|11|5|13|31|5
Blake Treinen|LAD|RP|580|5|1|14|394|1282|65|7|0|0|58|5
A.J. Minter|NYM|RP|520|4|2|14|342|1178|58|6|0|0|52|5
Stephen Kolek|KCR|RP|720|4|0|1|425|1359|51|7|3|8|36|5
Alek Manoah|LAA|SP|690|3|0|0|475|1387|58|10|6|13|13|5
Jimmy Herget|COL|RP|770|3|2|15|457|1338|70|11|0|0|77|5
Spencer Arrighetti|HOU|RP|860|5|0|1|445|1365|86|13|5|13|29|5
Carlos Estévez|KCR|RP|650|4|31|2|417|1275|58|8|0|0|65|5
Andrew Kittredge|BAL|RP|600|4|3|12|373|1224|59|8|0|0|60|5
Connelly Early|BOS|RP|380|3|0|1|385|1282|38|4|2|5|17|5
Jason Adam|SDP|RP|600|4|1|15|352|1187|63|6|0|0|60|5
Bryan King|HOU|RP|670|4|1|17|367|1208|67|9|0|0|67|5
Caleb Thielbar|CHC|RP|660|5|1|15|363|1214|69|9|0|0|66|5
Carmen Mlodzinski|PIT|RP|680|4|0|4|373|1295|60|7|1|3|53|5
Tony Santillan|CIN|RP|700|3|4|13|427|1339|73|9|0|0|70|5
George Klassen|LAA|RP|630|3|0|1|456|1402|57|9|4|10|24|5
Sean Newcomb|CHW|RP|690|3|2|10|393|1339|66|7|1|2|62|5
Jon Gray||SP|350|2|0|0|446|1309|30|5|3|6|6|5
Kutter Crawford|BOS|RP|860|5|0|7|431|1241|81|13|2|6|56|5
Tyler Anderson|LAA|SP|1000|5|0|0|487|1430|77|16|8|18|18|5
Yimi García|TOR|RP|560|3|4|11|382|1216|61|7|0|0|56|5
Justin Wilson||RP|430|2|0|0|362|1304|47|5|0|0|43|5
Steven Okert|HOU|RP|640|3|0|14|385|1198|73|9|0|0|64|4
Kirby Yates|LAA|RP|560|3|4|12|392|1285|67|7|0|0|56|4
Brooks Raley|NYM|RP|620|3|1|14|380|1232|61|6|0|0|62|4
Luke Weaver|NYM|RP|670|4|4|14|400|1239|73|9|0|0|67|4
Colin Rea|CHC|RP|820|4|0|1|437|1293|65|12|3|8|44|4
Shawn Armstrong|CLE|RP|680|3|3|16|381|1215|68|8|0|0|68|4
Taylor Rogers|MIN|RP|610|4|19|6|413|1361|65|8|0|0|61|4
Jordan Montgomery|TEX|RP|490|3|0|1|437|1346|40|7|2|6|18|4
Clayton Beeter|WSN|RP|630|3|17|9|398|1358|72|7|0|0|63|4
Danny Coulombe||RP|440|2|0|0|366|1259|43|5|0|0|44|4
Victor Vodnik|COL|RP|640|3|23|4|425|1458|62|7|0|0|64|4
Payton Tolle|BOS|RP|420|2|0|1|405|1249|44|6|2|5|23|4
Yennier Cano|BAL|RP|600|4|1|13|366|1304|55|6|0|0|60|4
Tyler Kinley|ATL|RP|630|4|0|13|401|1293|70|8|0|0|63|4
Gabe Speier|SEA|RP|580|4|0|12|334|1136|67|7|0|0|58|4
Justin Sterner|ATH|RP|650|3|8|10|415|1278|65|9|0|0|65|4
Eduard Bazardo|SEA|RP|680|3|1|14|363|1207|69|8|0|0|68|4
Taijuan Walker|PHI|RP|1200|6|0|1|497|1432|85|20|5|16|50|4
Connor Prielipp|MIN|RP|640|4|0|1|406|1341|59|7|2|5|45|4
Martín Pérez|ATL|SP|450|2|0|0|452|1434|34|6|4|8|8|4
Justin Wrobleski|LAD|RP|660|4|0|1|426|1300|60|9|2|5|42|4
Jordan Romano|LAA|RP|630|4|3|12|424|1285|68|9|0|0|63|4
Riley O'Brien|STL|RP|630|3|13|11|371|1316|65|6|0|0|63|4
Jakob Junis|TEX|RP|650|3|1|14|408|1229|57|8|0|0|65|4
Justin Slaten|BOS|RP|610|4|0|14|399|1289|58|7|0|0|61|4
Tyler Holton|DET|RP|720|4|1|14|365|1180|60|9|0|0|72|4
Kody Funderburk|MIN|RP|650|4|2|15|386|1348|62|6|0|0|65|4
Hunter Gaddis|CLE|RP|660|3|3|14|387|1229|64|9|0|0|66|4
Aaron Bummer|ATL|RP|600|3|0|12|357|1315|62|5|0|0|60|4
Trevor McDonald|SFG|RP|720|4|0|1|419|1343|56|8|3|8|34|4
John Schreiber|KCR|RP|640|3|1|14|405|1300|59|7|0|0|64|4
Luis Medina|ATH|RP|730|4|0|1|452|1408|66|9|2|6|46|4
Tanner Banks|PHI|RP|620|3|0|12|385|1226|58|8|0|0|62|4
Caden Dana|LAA|SP|860|5|0|0|499|1432|76|14|7|16|16|4
Justin Topa|MIN|RP|620|3|2|12|403|1343|51|6|0|0|62|4
Kyle Finnegan|DET|RP|640|4|4|13|392|1302|60|8|0|0|64|3
Kenley Jansen|DET|RP|600|4|23|4|410|1241|60|9|0|0|60|3
Kyle Hurt|LAD|RP|500|3|0|1|435|1373|53|7|2|5|31|3
Hayden Birdsong|SFG|RP|500|3|0|1|445|1397|49|7|3|8|18|3
Mason Englert|TBR|RP|600|3|1|12|399|1243|56|8|0|0|60|3
Marcus Stroman||SP|510|3|0|0|471|1442|36|7|4|10|10|3
Keegan Akin|BAL|RP|660|4|3|16|393|1269|67|9|0|0|66|3
Drew Thorpe|CHW|SP|430|2|0|0|482|1403|33|7|3|8|8|3
Jonah Tong|NYM|RP|260|2|0|1|371|1261|30|3|1|3|13|3
Dietrich Enns|BAL|RP|620|3|0|13|396|1329|56|8|0|0|62|3
Andrew Alvarez|WSN|RP|530|2|0|1|429|1405|40|6|2|5|33|3
Tyler Rogers|TOR|RP|740|5|2|18|386|1259|51|8|0|0|74|3
Jovani Morán|BOS|RP|560|3|0|10|374|1326|61|5|0|0|56|3
Clarke Schmidt|NYY|RP|320|2|0|1|399|1250|31|4|1|3|17|3
Josiah Gray|WSN|SP|970|5|0|0|497|1417|84|17|8|18|18|3
Andrew Nardi|MIA|RP|560|3|0|10|371|1263|67|7|0|0|56|3
José Urquidy|PIT|RP|990|5|0|1|487|1346|72|16|5|15|37|3
Brandon Williamson|CIN|RP|800|4|0|1|494|1432|66|13|3|10|40|3
Erik Miller|SFG|RP|620|4|2|15|360|1377|68|5|0|0|62|3
Phil Maton|CHC|RP|650|4|4|14|376|1228|67|7|0|0|65|3
Quinn Mathews|STL|SP|400|2|0|0|431|1457|36|5|4|8|8|3
Ben Brown|CHC|RP|510|3|0|1|375|1197|57|6|1|2|44|3
Troy Melton|DET|RP|520|3|0|1|403|1258|47|7|1|3|38|3
Mason Montgomery|PIT|RP|600|3|2|12|387|1308|63|7|0|0|60|3
Tanner Gordon|COL|RP|570|3|0|1|525|1389|42|11|2|6|30|3
Ryan Bergert|KCR|RP|600|2|0|1|464|1407|50|8|3|8|28|3
JR Ritchie|ATL|SP|340|2|0|0|449|1373|29|4|3|6|6|3
Calvin Faucher|MIA|RP|640|3|5|11|400|1382|64|7|0|0|64|3
Greg Weissert|BOS|RP|650|4|1|17|421|1330|59|8|0|0|65|3
Angel Zerpa|MIL|RP|600|3|0|12|361|1253|57|7|0|0|60|3
Tommy Nance|TOR|RP|580|3|0|12|378|1273|55|7|0|0|58|3
Eric Orze|MIN|RP|600|3|1|11|409|1365|59|7|0|0|60|3
River Ryan|LAD|SP|470|2|0|1|479|1426|39|7|3|8|16|3
Jordan Wicks|CHC|RP|310|2|0|1|390|1276|28|4|1|3|18|3
Brock Burke|CIN|RP|620|4|1|13|417|1292|58|8|0|0|62|3
Paul Blackburn|NYY|RP|660|3|0|12|442|1321|55|9|1|2|59|3
Juan Mejia|COL|RP|660|3|3|14|456|1412|68|8|0|0|66|3
Pierce Johnson|CIN|RP|610|3|1|12|425|1339|67|9|0|0|61|2
Thomas White|MIA|SP|240|1|0|0|421|1402|23|3|2|5|5|2
Brusdar Graterol|LAD|RP|460|3|0|5|354|1206|39|4|0|0|46|2
Nick Mears|KCR|RP|600|3|0|12|412|1328|58|7|0|0|60|2
Keider Montero|DET|RP|550|3|0|1|440|1336|46|8|2|5|33|2
Gavin Stone|LAD|RP|290|2|0|1|442|1315|26|4|1|3|15|2
Justin Lawrence|PIT|RP|580|3|1|12|395|1375|59|5|0|0|58|2
Tobias Myers|NYM|RP|750|4|0|11|417|1287|63|10|1|3|61|2
Anthony Bender|MIA|RP|610|4|1|12|390|1304|58|7|0|0|61|2
Matt Svanson|STL|RP|650|3|8|13|380|1298|59|7|0|0|65|2
Ryne Stanek|STL|RP|600|4|5|12|407|1374|61|7|0|0|60|2
Dauri Moreta||RP|340|2|0|0|387|1280|38|4|0|0|34|2
Luis García|NYM|RP|600|3|0|13|391|1355|54|6|0|0|60|2
Noah Schultz|CHW|SP|240|1|0|0|458|1439|20|3|2|5|5|2
Jack Dreyer|LAD|RP|540|3|0|12|413|1285|54|8|0|0|54|2
PJ Poulin|WSN|RP|610|4|2|15|408|1355|59|7|0|0|61|2
Josh Sborz|TEX|RP|600|3|0|11|407|1344|60|7|0|0|60|2
Brad Keller|PHI|RP|680|4|2|16|420|1353|61|9|0|0|68|2
Emerson Hancock|SEA|RP|760|4|0|1|435|1316|60|11|2|6|48|2
Brendon Little|TOR|RP|540|3|0|10|356|1386|58|5|0|0|54|2
Ryan Gusto|MIA|RP|550|3|0|1|442|1353|47|8|1|3|41|2
Caleb Ferguson|CIN|RP|580|3|0|10|421|1323|55|6|0|0|58|2
Chase Petty|CIN|RP|500|3|0|1|513|1468|39|8|1|5|31|2
Scott Barlow|ATH|RP|540|3|2|9|425|1383|58|6|0|0|54|2
Brenan Hanifee|DET|RP|580|3|0|11|391|1304|43|6|0|0|58|2
Tyler Wells|BAL|RP|710|4|0|7|436|1213|63|12|1|3|57|2
Jake Bird|NYY|RP|530|3|0|10|392|1289|56|6|0|0|53|2
Ryan Thompson|ARI|RP|640|4|1|16|381|1303|52|7|0|0|64|2
Mitchell Parker|WSN|RP|490|3|0|1|449|1363|38|7|1|3|35|2
Yoendrys Gómez|TBR|RP|600|3|0|1|432|1318|60|9|1|3|47|2
Ryan Johnson|LAA|RP|260|1|0|1|415|1315|24|3|1|2|20|2
Jason Alexander|HOU|RP|440|2|0|1|450|1386|34|6|2|5|23|2
Bailey Falter|KCR|RP|730|4|0|4|457|1344|54|11|2|5|53|2
Jalen Beeks||RP|400|3|0|0|379|1340|36|4|0|0|40|2
Hoby Milner|CHC|RP|600|3|0|13|391|1285|50|7|0|0|60|2
Blade Tidwell|SFG|RP|380|2|0|1|430|1366|33|5|1|3|23|2
Carson Whisenhunt|SFG|RP|290|2|0|1|427|1356|23|4|1|3|15|2
Isaac Mattson|PIT|RP|640|4|2|13|426|1378|60|8|0|0|64|2
Tanner McDougal|CHW|RP|340|1|0|1|477|1470|29|5|2|5|15|2
Tim Herrin|CLE|RP|540|4|0|10|366|1323|57|5|0|0|54|2
Spencer Turnbull||SP|250|1|0|0|490|1466|18|3|2|5|5|2
Cristian Mena|ARI|RP|230|1|0|1|389|1303|22|3|1|2|16|2
Sawyer Gipson-Long|DET|RP|290|1|0|1|407|1242|25|4|1|2|22|2
José Buttó|SFG|RP|640|3|2|13|389|1306|59|6|0|0|64|2
Jordan Hicks|CHW|RP|540|3|0|9|420|1391|50|5|0|0|54|1
Travis Adams|MIN|RP|690|4|0|4|454|1386|54|9|1|3|53|1
Erik Sabrowski|CLE|RP|610|3|0|14|393|1394|73|7|0|0|61|1
A.J. Puk|ARI|RP|420|3|7|1|332|1172|50|5|0|0|42|1
Cooper Criswell|SEA|RP|710|3|0|7|402|1285|59|8|1|3|57|1
Eric Lauer|TOR|RP|570|3|0|4|412|1263|53|9|1|2|50|1
Cade Povich|BAL|RP|220|1|0|1|408|1296|21|3|1|2|15|1
José Suarez|ATL|RP|510|3|0|1|399|1298|49|6|1|2|44|1
Christian Scott|NYM|RP|380|2|0|1|406|1211|36|5|1|2|32|1
Kohl Drake|ARI|SP|170|1|0|0|432|1373|15|2|1|3|3|1
Kevin Kelly|TBR|RP|460|3|0|4|383|1185|41|5|0|0|46|1
Keaton Winn|SFG|RP|320|2|0|1|394|1281|29|4|1|2|26|1
Brock Stewart|LAD|RP|440|2|0|1|381|1244|51|5|0|0|44|1
Sam Hentges|SFG|RP|440|2|0|1|328|1225|43|3|0|0|44|1
Austin Peterson|CLE|RP|300|1|0|1|444|1304|22|5|1|3|15|1
Hagen Smith|CHW|SP|160|1|0|0|467|1448|15|2|1|3|3|1
Jack Kochanowicz|LAA|RP|540|3|0|1|491|1452|34|7|2|5|33|1
Hogan Harris|ATH|RP|660|3|10|11|418|1380|64|8|0|0|66|1
Ben Joyce|LAA|RP|480|2|10|0|356|1249|57|4|0|0|48|1
Matt Gage|SFG|RP|560|2|0|10|388|1348|47|6|0|0|56|1
Tyler Alexander|TEX|RP|670|4|2|11|468|1292|55|11|1|2|60|1
Gunnar Hoglund|ATH|RP|570|3|0|1|486|1364|42|10|2|6|28|1
DJ Herz|WSN|RP|250|1|0|1|408|1348|26|3|1|2|19|1
Jonathan Bowlan|PHI|RP|560|3|0|10|416|1298|53|8|0|0|56|1
Drey Jameson|ARI|RP|590|4|3|11|388|1331|55|6|0|0|59|1
Braden Nett|ATH|RP|320|2|0|1|473|1486|27|4|1|3|19|1
Hayden Wesneski|HOU|RP|310|2|0|1|423|1263|30|5|1|2|24|1
Wandy Peralta|SDP|RP|570|3|0|10|385|1343|50|5|0|0|57|1
Joe Rock|TBR|RP|210|1|0|1|418|1329|17|3|1|2|14|1
JP Sears|SDP|RP|330|2|0|1|450|1243|30|6|1|3|19|1
Bennett Sousa|HOU|RP|520|3|0|7|357|1229|58|6|0|0|52|1
Elvis Alvarado|ATH|RP|580|3|3|10|419|1368|60|8|0|0|58|1
Antonio Senzatela|COL|RP|950|4|0|6|546|1571|58|15|2|8|60|1
Ronel Blanco|HOU|RP|170|1|0|1|415|1309|17|3|1|2|10|1
Jonathan Pintaro|NYM|RP|320|2|0|1|396|1334|31|3|1|2|26|1
Tyler Uberstine|BOS|RP|170|1|0|1|445|1341|15|2|1|2|10|1
Brent Headrick|NYY|RP|500|2|0|5|399|1218|51|7|0|0|50|1
Cole Sulser|TBR|RP|560|3|0|10|417|1331|50|7|0|0|56|1
Ryan Brasier|TEX|RP|480|2|0|4|399|1240|42|6|0|0|48|1
Mason Black|KCR|RP|560|3|0|1|487|1431|46|8|1|3|43|1
Mike Vasil|CHW|RP|790|4|1|15|428|1371|65|10|0|0|79|1
Carlos Rodriguez|MIL|RP|430|2|0|1|444|1332|40|6|1|2|36|1
Adam Mazur|MIA|RP|230|1|0|1|438|1330|17|3|1|2|16|1
Mason Barnett|ATH|RP|270|1|0|1|457|1391|23|4|1|2|20|1
Sam Moll|CIN|RP|500|2|0|4|444|1371|49|6|0|0|50|1
Jonathan Loáisiga|ARI|RP|440|2|0|4|360|1288|37|4|0|0|44|1
José Leclerc||RP|370|2|0|0|415|1348|40|5|0|0|37|1
Enyel De Los Santos|HOU|RP|600|3|0|12|414|1280|60|9|0|0|60|1
Dane Dunning|SEA|RP|210|1|0|1|413|1293|18|3|1|2|14|1
Ricky Tiedemann|TOR|RP|180|1|0|1|423|1372|18|2|1|2|12|1
Shane Drohan|MIL|RP|380|2|0|1|427|1359|36|5|1|2|32|1
Kai-Wei Teng|HOU|RP|550|3|0|1|443|1357|52|7|1|2|48|1
Wade Miley||SP|240|1|0|0|506|1444|15|4|2|5|5|1
Braydon Fisher|TOR|RP|520|3|0|7|384|1300|59|6|0|0|52|1
Jason Foley|SFG|RP|330|2|0|1|343|1228|28|3|0|0|33|1
McCade Brown|COL|RP|230|1|0|1|526|1466|21|4|1|3|11|1
Justin Martinez|ARI|RP|220|2|0|1|320|1301|28|2|0|0|22|1
Evan Phillips|LAD|RP|280|2|0|1|346|1157|30|3|0|0|28|1
Joel Payamps|ATL|RP|530|3|0|9|406|1292|48|7|0|0|53|1
Ty Madden|DET|RP|260|1|0|1|446|1382|23|4|1|2|19|1
Brandon Eisert|CHW|RP|520|3|0|6|407|1318|51|7|0|0|52|1
Brennan Bernardino|COL|RP|580|3|0|11|446|1463|53|7|0|0|58|1
Brant Hurter|DET|RP|520|3|0|6|375|1244|46|6|0|0|52|1
Walker Buehler|SDP|RP|470|2|0|1|493|1422|40|8|2|5|27|1
JT Brubaker|SFG|RP|590|2|1|12|421|1367|50|7|0|0|59|1
Brandon Young|BAL|RP|270|2|0|1|437|1305|24|4|1|2|21|1
Bryan Hudson|NYM|RP|480|2|0|5|400|1329|46|5|0|0|48|1
Matt Festa|CLE|RP|580|3|0|12|413|1285|57|8|0|0|58|1
Gregory Santos|SFG|RP|540|3|6|6|364|1378|51|4|0|0|54|1
Trevor Williams|WSN|RP|300|1|0|1|460|1364|24|5|1|2|24|1
Bryse Wilson|PHI|RP|290|1|0|1|501|1396|20|5|1|3|13|1
Grant Wolfram|BAL|RP|500|3|0|4|427|1414|47|6|0|0|50|1
Pedro Avila|CLE|RP|390|2|0|1|431|1408|33|5|1|2|32|1
Ryan Yarbrough|NYY|RP|620|3|0|7|441|1273|50|10|1|2|54|1
Ian Hamilton|ATL|RP|400|2|0|1|373|1339|42|4|0|0|40|1
Gabriel Hughes|COL|RP|300|1|0|1|499|1471|22|4|1|2|24|1
David Morgan|SDP|RP|580|3|0|12|404|1304|59|7|0|0|58|1
John Klein|MIN|RP|410|2|0|1|452|1356|35|6|1|2|34|1
Rob Zastryzny|MIL|RP|480|2|0|4|410|1306|44|6|0|0|48|1
Alan Rangel|PHI|RP|200|1|0|1|478|1339|16|3|1|2|13|1
Landon Knack|LAD|RP|230|1|0|1|494|1375|20|4|1|2|16|1
AJ Blubaugh|HOU|RP|490|3|0|1|440|1357|45|7|1|2|42|1
Jack Perkins|ATH|RP|300|2|0|1|382|1264|32|3|0|0|30|1
Tim Hill|NYY|RP|660|4|0|15|415|1373|38|7|0|0|66|1
Liam Hendriks|MIN|RP|340|2|5|1|430|1327|36|5|0|0|34|1
Alex Lange|KCR|RP|520|3|0|7|392|1396|56|5|0|0|52|1
Andrew Chafin|MIN|RP|540|3|0|7|419|1440|58|6|0|0|54|1
Sam Aldegheri|LAA|SP|350|2|0|0|535|1522|26|6|2|6|6|1
Félix Bautista|BAL|RP|110|1|0|1|321|1155|15|1|0|0|11|0
Javier Assad|CHC|RP|610|3|0|7|406|1333|51|8|1|2|54|0
Grant Anderson|MIL|RP|560|3|0|10|413|1302|57|8|0|0|56|0
Doug Nikhazy|CLE|RP|330|2|0|1|444|1437|30|5|1|2|27|0
Evan Sisk|PIT|RP|520|2|0|7|392|1374|49|5|0|0|52|0
Yaramil Hiraldo|BAL|RP|380|1|0|1|420|1281|39|6|0|0|38|0
Josh White|MIA|RP|470|3|0|1|396|1301|47|6|0|0|47|0
Ben Kudrna|KCR|RP|160|1|0|1|480|1469|13|2|1|2|10|0
Thomas Harrington|PIT|RP|180|1|0|1|457|1340|14|3|1|2|12|0
Zack Kelly|BOS|RP|580|3|0|12|436|1398|56|7|0|0|58|0
Yohan Ramírez|PIT|RP|560|3|0|10|418|1335|57|6|0|0|56|0
Gordon Graceffo|STL|RP|580|3|0|12|422|1316|46|7|0|0|58|0
James McArthur|KCR|RP|330|2|0|1|413|1331|30|4|0|0|33|0
Julian Fernández|WSN|RP|380|2|0|1|396|1276|38|5|0|0|38|0
Paul Sewald|ARI|RP|580|3|9|10|453|1261|57|9|0|0|58|0
Manuel Rodríguez|TBR|RP|160|1|0|1|383|1273|15|2|0|0|16|0
Jorge López||RP|300|2|0|0|437|1361|25|3|0|0|30|0
Dylan Dodd|ATL|RP|460|3|0|4|400|1266|39|6|0|0|46|0
John King|MIA|RP|520|3|0|7|391|1386|33|5|0|0|52|0
Luke Little|CHC|RP|180|1|0|1|365|1334|21|2|0|0|18|0
Brady Basso|ATH|RP|340|2|0|1|401|1292|30|4|0|0|34|0
Zak Kent|MIN|RP|280|1|0|1|428|1376|27|3|0|0|28|0
Andre Granillo|WSN|RP|550|3|0|10|444|1386|52|8|0|0|55|0
Ryan Fernandez|STL|RP|440|3|0|1|401|1342|45|5|0|0|44|0
Tim Mayza|PHI|RP|310|2|0|1|405|1357|26|3|0|0|31|0
Jaden Hill|COL|RP|400|2|0|1|452|1369|39|5|0|0|40|0
Justin Hagenman|NYM|RP|270|1|0|1|411|1204|24|4|0|0|27|0
Huascar Brazobán|NYM|RP|520|3|0|7|408|1366|49|5|0|0|52|0
Yerry De los Santos|NYY|RP|420|2|0|1|402|1345|34|4|0|0|42|0
Kyle Nicolas|CIN|RP|420|2|0|1|416|1397|42|5|0|0|42|0
Tyler Phillips|MIA|RP|680|3|3|15|423|1372|50|8|0|0|68|0
Ethan Roberts|CHC|RP|500|3|0|5|428|1336|49|7|0|0|50|0
Yuki Matsui|SDP|RP|480|2|0|4|411|1349|49|6|0|0|48|0
Chase Silseth|LAA|RP|520|2|0|6|421|1355|52|7|0|0|52|0
Coleman Crow|MIL|RP|210|1|0|1|383|1227|20|3|0|0|24|0
Steven Cruz|KCR|RP|450|2|0|1|422|1358|42|5|0|0|45|0
Luke Jackson||RP|400|2|0|0|423|1403|37|5|0|0|40|0
Joe Jiménez|ATL|RP|180|1|0|1|400|1247|20|2|0|0|18|0
Colin Selby|BAL|RP|450|2|0|1|404|1352|47|5|0|0|45|0
Luis Gastelum|STL|RP|280|2|0|1|393|1276|27|3|0|0|28|0
Julian Aguiar|CIN|RP|330|1|0|1|502|1368|24|5|1|2|26|0
Nate Pearson|HOU|RP|500|2|0|4|440|1376|50|7|0|0|50|0
Chase Lee|TOR|RP|250|1|0|1|388|1241|24|3|0|0|25|0
Anthony Nunez|BAL|RP|280|2|0|1|406|1304|30|3|0|0|28|0
Welinton Herrera|COL|RP|300|2|0|1|441|1409|29|4|0|0|30|0
Kendry Rojas|MIN|RP|420|2|0|1|416|1363|38|5|0|0|42|0
Anthony Banda|MIN|RP|560|3|0|10|434|1389|54|7|0|0|56|0
Daniel Lynch IV|KCR|RP|590|3|0|11|430|1356|46|8|0|0|59|0
Andrew Morris|MIN|RP|180|1|0|1|402|1280|15|2|0|0|18|0
Ben Casparius|LAD|RP|550|3|0|13|462|1345|52|8|0|0|55|0
DL Hall|MIL|RP|520|3|0|6|403|1351|52|6|0|0|52|0
Sean Guenther|DET|RP|140|1|0|1|394|1324|11|1|0|0|14|0
John Brebbia|COL|RP|500|2|0|4|495|1430|48|9|0|0|50|0
Jacob Webb|CHC|RP|540|3|0|11|426|1285|51|8|0|0|54|0
Packy Naughton|STL|RP|140|1|0|1|358|1275|13|1|0|0|14|0
Mason Fluharty|TOR|RP|420|2|0|1|393|1292|44|5|0|0|42|0
Tyler Ferguson|ATH|RP|520|3|1|6|431|1388|51|6|0|0|52|0
Paxton Schultz|WSN|RP|460|2|0|1|437|1366|41|6|0|0|46|0
Dylan Ross|NYM|RP|360|1|0|1|396|1347|38|4|0|0|36|0
Spencer Miles|TOR|RP|160|1|0|0|420|1333|16|2|0|0|16|0
Bradgley Rodriguez|SDP|RP|520|3|0|7|415|1373|47|6|0|0|52|0
Austin Warren|NYM|RP|460|3|0|1|428|1321|42|6|0|0|46|0
Philip Abner|ARI|RP|200|1|0|1|407|1366|18|2|0|0|20|0
Michael Fulmer|SFG|RP|180|1|0|1|392|1310|18|2|0|0|18|0
Colton Gordon|HOU|RP|260|1|0|1|416|1260|23|4|0|0|26|0
Ryan Watson|BOS|RP|320|2|0|1|425|1360|27|4|0|0|32|0
Danny Young|ATL|RP|200|1|0|1|395|1319|21|2|0|0|20|0
Craig Yoho|MIL|RP|420|3|0|1|401|1317|44|5|0|0|42|0
Colin Holderman|CLE|RP|420|2|0|1|402|1345|41|5|0|0|42|0
Nick Sandlin|LAA|RP|400|2|0|1|439|1341|41|6|0|0|40|0
Carlos Hernández|CLE|RP|180|1|0|1|424|1357|18|2|0|0|18|0
Drew Sommers|DET|RP|240|1|0|1|393|1358|20|2|0|0|24|0
Franco Aleman|CLE|RP|220|2|0|1|399|1332|24|3|0|0|22|0
Yariel Rodríguez|TOR|RP|360|2|0|1|408|1327|36|5|0|0|36|0
Michel Otañez|TEX|RP|180|1|0|1|405|1360|22|2|0|0|18|0
Hayden Harris|ATL|RP|500|3|0|6|405|1310|54|6|0|0|50|0
Porter Hodge|CHC|RP|300|2|0|1|402|1350|33|3|0|0|30|0
Edgardo Henriquez|LAD|RP|400|2|0|1|442|1374|42|5|0|0|40|0
Tyler Samaniego|BOS|RP|460|3|0|4|431|1412|38|5|0|0|46|0
Ryan Borucki|CHW|RP|210|1|0|1|403|1352|20|2|0|0|21|0
Sammy Peralta|MIL|RP|100|1|0|1|407|1272|9|1|0|0|10|0
Peyton Gray|TEX|RP|160|1|0|1|420|1310|16|2|0|0|16|0
Jesse Scholtens|TBR|RP|360|2|0|1|422|1303|31|5|0|0|36|0
Cody Laweryson|MIN|RP|240|1|0|1|440|1346|20|3|0|0|24|0
Easton McGee|MIL|RP|400|2|0|1|413|1276|33|5|0|0|40|0
José Fermin|LAA|RP|340|2|0|1|437|1359|35|5|0|0|34|0
Adbert Alzolay|NYM|RP|420|2|0|1|408|1253|39|6|0|0|42|0
Seth Halvorsen|COL|RP|420|2|0|1|464|1467|39|6|0|0|42|0
Derek Law|ARI|RP|240|1|0|1|413|1363|20|3|0|0|24|0
Lake Bachar|MIA|RP|480|3|0|4|423|1336|48|7|0|0|48|0
Zach McCambley|PHI|RP|480|2|0|4|447|1390|46|6|0|0|48|0
Mitch Spence|KCR|RP|160|1|0|1|432|1317|13|2|0|0|16|0
Alex Carrillo|NYM|RP|200|1|0|1|430|1355|21|3|0|0|20|0
Kyle Backhus|PHI|RP|520|3|0|7|431|1341|50|6|0|0|52|0
Luis Perales|WSN|RP|200|1|0|1|421|1376|20|2|0|0|20|0
Nick Raquet|STL|RP|320|2|0|1|417|1352|25|4|0|0|32|0
Tristan Beck|SFG|RP|210|1|0|1|407|1291|18|3|0|0|21|0
Cionel Pérez|WSN|RP|570|3|1|11|427|1481|49|5|0|0|57|0
Tyler Gilbert|CHW|RP|310|1|0|1|454|1371|27|4|0|0|31|0
Brendan Beck|NYY|RP|120|1|0|1|420|1247|10|2|0|0|12|0
Gus Varland|WSN|RP|240|1|0|1|436|1413|23|3|0|0|24|0
Hunter Stratton|ATL|RP|240|1|0|1|424|1327|22|3|0|0|24|0
Connor Brogdon|CLE|RP|520|3|0|7|426|1345|52|8|0|0|52|0
Jedixson Paez|CHW|RP|240|1|0|1|441|1328|18|3|0|0|24|0
Casey Legumina|SEA|RP|500|3|0|4|410|1320|48|6|0|0|50|0
Ron Marinaccio|SDP|RP|440|2|0|1|426|1340|43|6|0|0|44|0
Chris Murphy|CHW|RP|400|2|0|1|432|1416|36|5|0|0|40|0
Garrett Hawkins|SDP|RP|300|2|0|1|420|1329|31|4|0|0|30|0
Héctor Neris|KCR|RP|220|1|0|1|445|1383|23|3|0|0|22|0
Jhony Brito|SDP|RP|180|1|0|1|418|1327|15|2|0|0|18|0
Yosver Zulueta|SEA|RP|240|1|0|1|388|1338|25|2|0|0|24|0
Duncan Davitt|CHW|RP|200|1|0|1|449|1314|16|3|0|0|20|0
Josh Staumont|CIN|RP|120|1|0|1|479|1490|12|1|0|0|12|0
Bobby Miller|LAD|RP|220|1|0|1|456|1366|21|3|0|0|22|0
Ryan Lambert|NYM|RP|120|0|0|1|424|1364|13|2|0|0|12|0
Lou Trivino|PHI|RP|200|1|0|1|459|1421|18|3|0|0|20|0
Jose Espada|BAL|RP|150|1|0|1|455|1417|15|2|0|0|15|0
RJ Petit|COL|RP|140|1|0|1|479|1429|12|2|0|0|14|0
Bryan Hoeing|SDP|RP|100|1|0|1|418|1318|8|1|0|0|10|0
Henry Baez|ATH|RP|100|0|0|1|428|1370|8|1|0|0|10|0
Osvaldo Bido|NYY|RP|160|1|0|1|444|1332|15|2|0|0|16|0
Will Klein|LAD|RP|520|3|0|8|443|1462|55|6|0|0|52|0
Jhancarlos Lara|ATL|RP|120|1|0|1|411|1444|13|1|0|0|12|0
Trevor Stephan|CLE|RP|160|1|0|1|418|1330|15|2|0|0|16|0
Michael Kopech||RP|420|3|0|0|437|1379|46|6|0|0|42|0
Evan Reifert|TBR|RP|100|1|0|1|425|1389|11|1|0|0|10|0
Jose Corniell|TEX|RP|100|1|0|1|437|1270|9|1|0|0|10|0
Luinder Avila|KCR|RP|420|2|0|1|427|1381|37|5|0|0|42|0
Angel Bastardo|TOR|RP|230|1|0|1|419|1375|22|3|0|0|23|0
A.J. Causey|ATH|RP|130|1|0|1|445|1365|11|2|0|0|13|0
Zack Thompson|STL|RP|120|1|0|1|415|1388|12|1|0|0|12|0
Kolby Allard|CLE|RP|140|1|0|1|423|1338|11|2|0|0|14|0
Scott Effross|DET|RP|120|1|0|1|442|1381|8|1|0|0|12|0
David Sandlin|CHW|RP|120|1|0|1|446|1359|10|2|0|0|12|0
Collin Snider|CHC|RP|140|1|0|1|443|1352|11|2|0|0|14|0
Jake Bennett|BOS|RP|240|1|0|1|444|1386|18|3|0|0|24|0
Chris Roycroft|STL|RP|400|2|0|1|429|1451|32|4|0|0|40|0
Tate Kuehner|MIL|RP|120|1|0|1|425|1417|11|1|0|0|12|0
Carson Seymour|SFG|RP|150|1|0|1|398|1338|13|2|0|0|15|0
Tyson Neighbors|BAL|RP|120|1|0|1|445|1339|12|2|0|0|12|0
Ken Waldichuk|WSN|RP|100|0|0|1|447|1387|10|1|0|0|10|0
Jeff Criswell|COL|RP|120|1|0|1|476|1450|11|2|0|0|12|0
Dylan Smith|DET|RP|230|1|0|1|433|1384|20|3|0|0|23|0
Kervin Castro|NYY|RP|340|2|0|1|444|1389|32|4|0|0|34|0
Lyon Richardson|CIN|RP|180|1|0|1|458|1439|16|2|0|0|18|0
Jake Eder|WSN|RP|110|1|0|1|461|1393|9|1|0|0|11|0
Keegan Thompson|COL|RP|550|3|0|9|480|1428|52|8|0|0|55|0
Trent Thornton|CHC|RP|220|1|0|1|424|1278|19|3|0|0|22|0
Shane Murphy|CHW|RP|170|1|0|1|450|1309|12|3|0|0|17|0
Beau Brieske|DET|RP|500|2|0|4|455|1391|43|7|0|0|50|0
Joey Gerber|NYM|RP|140|1|0|1|433|1304|13|2|0|0|14|0
Craig Kimbrel|NYM|RP|340|2|0|1|416|1353|40|4|0|0|34|0
Griff McGarry|WSN|RP|520|2|0|7|437|1456|57|6|0|0|52|0
Tom Cosgrove|HOU|RP|140|1|0|1|454|1386|13|2|0|0|14|0
Dax Fulton|MIA|RP|180|1|0|1|436|1447|15|2|0|0|18|0
Chris Devenski|PIT|RP|180|1|0|1|443|1344|15|2|0|0|18|0
Michael Tonkin|MIN|RP|330|2|0|0|440|1326|30|4|0|0|33|0
Emiliano Teodo|TEX|RP|140|1|0|1|453|1451|14|2|0|0|14|0
Joe Ross|ARI|RP|120|1|0|1|431|1377|10|1|0|0|12|0
Brycen Mautz|STL|RP|160|1|0|1|422|1324|14|2|0|0|16|0
Taylor Clarke|ARI|RP|520|2|0|7|420|1307|42|7|0|0|52|0
Seth Martinez|BOS|RP|220|1|0|1|456|1402|18|3|0|0|22|0
Jackson Rutledge|WSN|RP|590|3|2|12|460|1386|50|8|0|0|59|0
Grant Holman|ARI|RP|170|1|0|1|439|1379|15|2|0|0|17|0
Reiver Sanmartin|SFG|RP|170|1|0|1|404|1380|12|2|0|0|17|0
Hunter Bigge|TBR|RP|520|2|0|7|422|1383|53|7|0|0|52|0
Randy Dobnak|SEA|RP|100|0|0|1|408|1361|8|1|0|0|10|0
Angel Chivilli|NYY|RP|260|1|0|1|447|1367|24|4|0|0|26|0
Valente Bellozo|COL|RP|100|0|0|1|502|1414|7|2|0|0|10|0
Riley Martin|CHC|RP|200|1|0|1|416|1436|20|2|0|0|20|0
Ronan Kopp|LAD|RP|160|1|0|1|453|1508|17|2|0|0|16|0
Eric Cerantola|KCR|RP|120|1|0|1|456|1437|12|2|0|0|12|0
Daysbel Hernández|ATL|RP|330|2|0|1|430|1433|35|4|0|0|33|0
Nolan Hoffman|PHI|RP|120|1|0|1|459|1418|11|2|0|0|12|0
Marco Raya|MIN|RP|220|1|0|1|451|1433|19|3|0|0|22|0
Nick Anderson|ATH|RP|240|1|0|1|461|1414|22|4|0|0|24|0
Colin Poche|DET|RP|100|1|0|1|455|1385|9|1|0|0|10|0
Lazaro Estrada|TOR|RP|210|1|0|1|439|1276|19|3|0|0|21|0
Prelander Berroa|CHW|RP|330|1|0|1|451|1478|34|4|0|0|33|0
Michael Petersen|MIA|RP|280|1|0|1|439|1359|26|4|0|0|28|0
Scott Alexander|SFG|RP|320|2|0|0|412|1419|23|4|0|0|32|0
Rafael Montero|NYY|RP|240|1|0|1|439|1432|23|3|0|0|24|0
Tayler Saucedo|LAA|RP|320|1|0|1|447|1445|28|4|0|0|32|0
Tayler Scott|ATL|RP|100|1|0|1|458|1462|9|1|0|0|10|0
Luis Curvelo|TEX|RP|340|2|0|1|472|1379|30|5|0|0|34|0
Tanner Rainey|DET|RP|130|0|0|1|449|1413|13|2|0|0|13|0
Rico Garcia|BAL|RP|560|2|0|10|435|1376|57|8|0|0|56|0
Kyle Hart|SDP|RP|350|2|0|1|427|1314|31|5|0|0|35|0
Ryder Ryan|LAD|RP|100|1|0|1|468|1475|8|1|0|0|10|0
Dale Stanavich|MIA|RP|120|1|0|1|441|1505|11|1|0|0|12|0
Adam Macko|TOR|RP|180|1|0|1|440|1361|16|3|0|0|18|0
Wilber Dotel|PIT|RP|140|1|0|1|454|1395|11|2|0|0|14|0
Joey Lucchesi|SFG|RP|380|2|0|1|408|1380|28|4|0|0|38|0
Jose Franco|CIN|RP|140|1|0|1|492|1425|13|2|0|0|14|0
Chayce McDermott|BAL|RP|240|1|0|1|449|1421|24|3|0|0|24|0
Jake Miller|CLE|RP|100|1|0|1|456|1428|7|1|0|0|10|0
Yunior Marte|CIN|RP|160|1|0|1|496|1475|14|2|0|0|16|0
Kaleb Ort|LAA|RP|130|1|0|1|474|1419|13|2|0|0|13|0
Mike Clevinger|PIT|RP|380|2|0|1|473|1391|30|6|1|2|32|0
Corbin Martin|CHC|RP|100|1|0|1|461|1463|9|1|0|0|10|0
Jackson Kowar|BAL|RP|210|1|0|1|471|1463|19|3|0|0|21|0
Chase Shugart|PHI|RP|420|2|0|1|465|1383|34|6|0|0|42|0
Josh Simpson|SEA|RP|160|1|0|1|418|1409|16|2|0|0|16|0
Andrew Walters|CLE|RP|380|2|0|1|415|1346|43|5|0|0|38|0
Alexis Díaz|TEX|RP|440|2|0|1|479|1382|43|5|0|0|44|0
Zach Pop|PHI|RP|240|1|0|1|465|1407|19|3|0|0|24|0
Tyler Mattison|DET|RP|110|1|0|1|464|1469|10|2|0|0|11|0
Brent Suter|LAA|RP|600|2|0|12|450|1363|47|8|0|0|60|0
Kendall Graveman||RP|360|2|0|0|435|1476|32|4|0|0|36|0
Ty Adcock|SDP|RP|260|1|0|1|429|1350|24|4|0|0|26|0
Walbert Urena|LAA|RP|120|1|0|1|492|1539|9|1|0|0|12|0
Daniel Espino|CLE|RP|230|1|0|0|427|1440|25|4|0|0|23|0
Max Lazar|PHI|RP|380|2|0|1|454|1345|30|5|0|0|38|0
Génesis Cabrera|PHI|RP|160|1|0|1|468|1403|15|3|0|0|16|0
Connor Phillips|CIN|RP|560|3|0|7|463|1395|60|8|0|0|56|0
Andrew Hoffmann|ARI|RP|340|2|0|1|412|1368|30|4|0|0|34|0
Jack Neely|CHC|RP|160|1|0|1|447|1395|16|2|0|0|16|0
Juan Morillo|ARI|RP|300|2|0|1|424|1514|27|3|0|0|30|0
Drew Smith|WSN|RP|210|1|0|1|456|1387|21|3|0|0|21|0
Logan VanWey|HOU|RP|120|1|0|1|462|1488|11|2|0|0|12|0
Eli Morgan|KCR|RP|240|1|0|1|457|1339|20|4|0|0|24|0
Albert Suárez|BAL|RP|250|1|0|1|452|1388|21|4|0|0|25|0
Juan Sanchez|SFG|RP|140|1|0|1|429|1449|12|2|0|0|14|0
James Karinchak|ATL|RP|300|2|0|1|439|1408|34|4|0|0|30|0
Cameron Foster|BAL|RP|320|2|0|1|447|1401|28|5|0|0|32|0
Domingo Gonzalez|SEA|RP|180|1|0|1|431|1360|16|2|0|0|18|0
Alex Hoppe|SEA|RP|220|1|0|1|422|1428|20|3|0|0|22|0
Justin Bruihl|STL|RP|540|3|0|10|408|1355|47|6|0|0|54|0
Josh Ekness|MIA|RP|220|1|0|1|459|1430|19|3|0|0|22|0
Dylan Coleman|NYY|RP|100|1|0|1|496|1582|10|1|0|0|10|0
Carter Baumler|TEX|RP|520|2|0|7|463|1429|45|6|0|0|52|0
Tommy Kahnle||RP|480|2|0|0|443|1430|43|6|0|0|48|0
Victor Mederos|LAA|RP|240|1|0|1|484|1435|18|3|0|0|24|0
Scott McGough||RP|240|1|0|0|481|1434|21|4|0|0|24|0
Zach Maxwell|CIN|RP|400|2|0|1|466|1457|41|6|0|0|40|0
Tyson Miller|CHW|RP|150|1|0|1|516|1475|12|2|0|0|15|0
Seth Johnson|PHI|RP|180|1|0|1|481|1462|16|3|0|0|18|0
Garrett Acton|MIA|RP|200|1|0|1|465|1415|19|3|0|0|20|0
Carson Palmquist|COL|RP|260|1|0|1|512|1484|25|4|0|0|26|0
Scott Blewett|STL|RP|240|1|0|1|437|1391|18|3|0|0|24|0
Yilber Díaz|ARI|RP|230|1|0|1|430|1454|22|3|0|0|23|0
Cole Wilcox|SEA|RP|280|2|0|1|425|1356|22|3|0|0|28|0
Matt Pushard|STL|RP|520|3|0|7|422|1347|45|7|0|0|52|0
Joey Estes|ATH|RP|420|2|0|1|485|1294|31|7|0|0|42|0
Marc Church|TEX|RP|320|2|0|1|475|1466|31|4|0|0|32|0
Troy Taylor|SEA|RP|340|2|0|1|435|1382|31|4|0|0|34|0
Sam Bachman|LAA|RP|500|3|0|4|445|1463|43|6|0|0|50|0
Eduarniel Núñez|ATH|RP|500|3|0|4|453|1507|49|6|0|0|50|0
Tejay Antone|CIN|RP|220|1|0|1|514|1505|18|3|0|0|22|0
Austin Love|STL|RP|220|1|0|1|452|1428|19|3|0|0|22|0
Rolddy Muñoz|ATL|RP|220|1|0|1|449|1476|19|3|0|0|22|0
Ryan Loutos|SEA|RP|250|1|0|1|438|1394|21|3|0|0|25|0
Jaden Woods|PIT|RP|160|1|0|1|471|1493|13|2|0|0|16|0
Logan Gillaspie|SDP|RP|240|1|0|1|451|1375|18|3|0|0|24|0
Robinson Ortiz|SEA|RP|400|2|0|1|420|1401|38|4|0|0|40|0
Hunter Strickland|LAA|RP|160|1|0|1|502|1471|13|2|0|0|16|0
Steven Wilson|TBR|RP|430|2|0|1|469|1345|42|7|0|0|43|0
Gavin Hollowell|CHC|RP|280|1|0|1|449|1400|27|3|0|0|28|0
Dan Altavilla|MIN|RP|260|1|0|1|471|1478|22|3|0|0|26|0
Paul Gervase|LAD|RP|330|2|0|1|466|1399|35|5|0|0|33|0
Bailey Horn|DET|RP|320|2|0|1|440|1445|29|4|0|0|32|0
T.J. McFarland||RP|240|1|0|0|435|1428|16|3|0|0|24|0
Luis Mey|CIN|RP|340|2|0|1|496|1564|32|4|0|0|34|0
Brandan Bidois|PIT|RP|420|2|0|1|449|1447|39|5|0|0|42|0
Noah Song|BOS|RP|160|1|0|1|518|1546|13|2|0|0|16|0
Ryan Harbin|PIT|RP|260|1|0|1|460|1556|25|3|0|0|26|0
Christian Roa|HOU|RP|240|1|0|1|443|1446|23|3|0|0|24|0
Alek Jacob|SDP|RP|400|2|0|1|470|1386|35|6|0|0|40|0
Samy Natera Jr.|LAA|RP|220|1|0|1|491|1509|22|3|0|0|22|0
Cam Sanders|PIT|RP|400|2|0|1|475|1547|38|5|0|0|40|0
Jayden Murray|HOU|RP|300|1|0|1|460|1399|25|4|0|0|30|0
Enmanuel De Jesus|DET|RP|420|2|0|1|433|1410|33|5|0|0|42|0
Jayvien Sandridge|LAA|RP|260|1|0|1|467|1535|28|3|0|0|26|0
Cade Winquest|NYY|RP|300|1|0|1|487|1398|24|4|0|0|30|0
Juan Burgos|ARI|RP|270|2|0|1|459|1463|22|3|0|0|27|0
William Kempner|MIA|RP|240|1|0|1|479|1488|22|3|0|0|24|-1
Kyle Keller|BOS|RP|340|2|0|1|496|1488|31|5|0|0|34|-1
Spencer Bivens|SFG|RP|700|3|0|14|423|1361|52|8|0|0|70|-1
Luis Guerrero|TBR|RP|220|1|0|1|485|1490|20|3|0|0|22|-1
Gavin Collyer|TEX|RP|260|1|0|1|508|1505|25|4|0|0|26|-1
Tayron Guerrero|BOS|RP|400|2|0|1|486|1497|31|5|0|0|40|-1
Carlos Vargas|SEA|RP|560|3|0|10|405|1345|44|6|0|0|56|-1
Peyton Pallette|CLE|RP|480|2|0|4|440|1363|47|7|0|0|48|-1
Ryan Rolison|CHC|RP|400|2|0|1|448|1406|30|5|0|0|40|-1
Ryan Zeferjahn|LAA|RP|570|3|1|9|445|1395|63|8|0|0|57|-1
Bradley Blalock|MIA|RP|260|1|0|1|500|1469|18|4|0|0|26|-1
George Soriano|STL|RP|500|2|0|4|439|1351|47|7|0|0|50|-1
Luis Peralta|COL|RP|340|1|0|1|540|1621|32|5|0|0|34|-1
Alexander Alberto|CHW|RP|360|1|0|1|525|1581|29|5|0|0|36|-1
Michael Kelly|ATH|RP|600|4|3|11|437|1407|52|8|0|0|60|-1
Chad Green||RP|410|2|0|0|462|1359|35|7|0|0|41|-1
Orlando Ribalta|WSN|RP|480|2|0|4|480|1496|44|7|0|0|48|-1
Kade Strowd|ARI|RP|600|3|2|12|421|1410|55|7|0|0|60|-1
Cade Gibson|MIA|RP|600|3|0|12|425|1401|47|7|0|0|60|-1
Brandyn Garcia|ARI|RP|560|3|1|10|417|1414|49|6|0|0|56|-1
Joel Peguero|SFG|RP|500|3|4|4|440|1434|39|6|0|0|50|-1
Roddery Muñoz|HOU|RP|540|3|0|10|457|1395|55|9|0|0|54|-2
Wikelman González|CHW|RP|450|2|0|3|496|1529|44|7|0|0|45|-2
Cole Winn|TEX|RP|630|3|6|11|464|1428|54|8|0|0|63|-3
Zach Agnos|COL|RP|600|3|4|11|513|1461|48|10|0|0|60|-3
Cole Henry|WSN|RP|640|2|16|8|494|1458|60|9|0|0|64|-5
